region_id,voltage_kv,station_id,capacity_mva,transformer_count,asset_scope_id,source_ref,source_version,transformation,scenario_id,quality_flag,source_sha256
QX-00001,35,BDZ-00249,40,2,year_end_2025,SRC02:主变1+SRC03:设备明细,电网建模数据_Agent整合版_V1.2,sum same-voltage transformer capacities by anonymized station key,real_2021_2025,validated_equipment_scope,563180da9b4fd16012c14ddb974e76ce1f06dfdd8ca13816a2ac529901b91176
QX-00001,35,BDZ-00252,40,2,year_end_2025,SRC02:主变1+SRC03:设备明细,电网建模数据_Agent整合版_V1.2,sum same-voltage transformer capacities by anonymized station key,real_2021_2025,validated_equipment_scope,563180da9b4fd16012c14ddb974e76ce1f06dfdd8ca13816a2ac529901b91176
QX-00001,35,BDZ-00261,20.5,2,year_end_2025,SRC02:主变1+SRC03:设备明细,电网建模数据_Agent整合版_V1.2,sum same-voltage transformer capacities by anonymized station key,real_2021_2025,validated_equipment_scope,563180da9b4fd16012c14ddb974e76ce1f06dfdd8ca13816a2ac529901b91176
QX-00001,35,BDZ-00275,40,2,year_end_2025,SRC02:主变1+SRC03:设备明细,电网建模数据_Agent整合版_V1.2,sum same-voltage transformer capacities by anonymized station key,real_2021_2025,validated_equipment_scope,563180da9b4fd16012c14ddb974e76ce1f06dfdd8ca13816a2ac529901b91176
QX-00001,35,BDZ-00279,30,2,year_end_2025,SRC02:主变1+SRC03:设备明细,电网建模数据_Agent整合版_V1.2,sum same-voltage transformer capacities by anonymized station key,real_2021_2025,validated_equipment_scope,563180da9b4fd16012c14ddb974e76ce1f06dfdd8ca13816a2ac529901b91176
QX-00001,35,BDZ-00298,30,2,year_end_2025,SRC02:主变1+SRC03:设备明细,电网建模数据_Agent整合版_V1.2,sum same-voltage transformer capacities by anonymized station key,real_2021_2025,validated_equipment_scope,563180da9b4fd16012c14ddb974e76ce1f06dfdd8ca13816a2ac529901b91176
QX-00001,35,BDZ-00299,36,2,year_end_2025,SRC02:主变1+SRC03:设备明细,电网建模数据_Agent整合版_V1.2,sum same-voltage transformer capacities by anonymized station key,real_2021_2025,validated_equipment_scope,563180da9b4fd16012c14ddb974e76ce1f06dfdd8ca13816a2ac529901b91176
QX-00001,35,BDZ-00321,40,2,year_end_2025,SRC02:主变1+SRC03:设备明细,电网建模数据_Agent整合版_V1.2,sum same-voltage transformer capacities by anonymized station key,real_2021_2025,validated_equipment_scope,563180da9b4fd16012c14ddb974e76ce1f06dfdd8ca13816a2ac529901b91176
QX-00001,110,BDZ-00015,100,2,year_end_2025,SRC02:主变1+SRC03:设备明细,电网建模数据_Agent整合版_V1.2,sum same-voltage transformer capacities by anonymized station key,real_2021_2025,validated_equipment_scope,563180da9b4fd16012c14ddb974e76ce1f06dfdd8ca13816a2ac529901b91176
QX-00001,110,BDZ-00033,90,2,year_end_2025,SRC02:主变1+SRC03:设备明细,电网建模数据_Agent整合版_V1.2,sum same-voltage transformer capacities by anonymized station key,real_2021_2025,validated_equipment_scope,563180da9b4fd16012c14ddb974e76ce1f06dfdd8ca13816a2ac529901b91176
QX-00001,110,BDZ-00034,100,2,year_end_2025,SRC02:主变1+SRC03:设备明细,电网建模数据_Agent整合版_V1.2,sum same-voltage transformer capacities by anonymized station key,real_2021_2025,validated_equipment_scope,563180da9b4fd16012c14ddb974e76ce1f06dfdd8ca13816a2ac529901b91176
QX-00001,110,BDZ-00046,130,2,year_end_2025,SRC02:主变1+SRC03:设备明细,电网建模数据_Agent整合版_V1.2,sum same-voltage transformer capacities by anonymized station key,real_2021_2025,validated_equipment_scope,563180da9b4fd16012c14ddb974e76ce1f06dfdd8ca13816a2ac529901b91176
QX-00001,110,BDZ-00058,70,2,year_end_2025,SRC02:主变1+SRC03:设备明细,电网建模数据_Agent整合版_V1.2,sum same-voltage transformer capacities by anonymized station key,real_2021_2025,validated_equipment_scope,563180da9b4fd16012c14ddb974e76ce1f06dfdd8ca13816a2ac529901b91176
QX-00001,110,BDZ-00072,71.5,2,year_end_2025,SRC02:主变1+SRC03:设备明细,电网建模数据_Agent整合版_V1.2,sum same-voltage transformer capacities by anonymized station key,real_2021_2025,validated_equipment_scope,563180da9b4fd16012c14ddb974e76ce1f06dfdd8ca13816a2ac529901b91176
QX-00001,110,BDZ-00105,111.5,2,year_end_2025,SRC02:主变1+SRC03:设备明细,电网建模数据_Agent整合版_V1.2,sum same-voltage transformer capacities by anonymized station key,real_2021_2025,validated_equipment_scope,563180da9b4fd16012c14ddb974e76ce1f06dfdd8ca13816a2ac529901b91176
QX-00001,110,BDZ-00116,100,2,year_end_2025,SRC02:主变1+SRC03:设备明细,电网建模数据_Agent整合版_V1.2,sum same-voltage transformer capacities by anonymized station key,real_2021_2025,validated_equipment_scope,563180da9b4fd16012c14ddb974e76ce1f06dfdd8ca13816a2ac529901b91176
QX-00001,110,BDZ-00117,63,2,year_end_2025,SRC02:主变1+SRC03:设备明细,电网建模数据_Agent整合版_V1.2,sum same-voltage transformer capacities by anonymized station key,real_2021_2025,validated_equipment_scope,563180da9b4fd16012c14ddb974e76ce1f06dfdd8ca13816a2ac529901b91176
QX-00001,110,BDZ-00123,113,2,year_end_2025,SRC02:主变1+SRC03:设备明细,电网建模数据_Agent整合版_V1.2,sum same-voltage transformer capacities by anonymized station key,real_2021_2025,validated_equipment_scope,563180da9b4fd16012c14ddb974e76ce1f06dfdd8ca13816a2ac529901b91176
QX-00001,110,BDZ-00126,113,2,year_end_2025,SRC02:主变1+SRC03:设备明细,电网建模数据_Agent整合版_V1.2,sum same-voltage transformer capacities by anonymized station key,real_2021_2025,validated_equipment_scope,563180da9b4fd16012c14ddb974e76ce1f06dfdd8ca13816a2ac529901b91176
QX-00001,110,BDZ-00132,100,2,year_end_2025,SRC02:主变1+SRC03:设备明细,电网建模数据_Agent整合版_V1.2,sum same-voltage transformer capacities by anonymized station key,real_2021_2025,validated_equipment_scope,563180da9b4fd16012c14ddb974e76ce1f06dfdd8ca13816a2ac529901b91176
QX-00001,110,BDZ-00165,100,2,year_end_2025,SRC02:主变1+SRC03:设备明细,电网建模数据_Agent整合版_V1.2,sum same-voltage transformer capacities by anonymized station key,real_2021_2025,validated_equipment_scope,563180da9b4fd16012c14ddb974e76ce1f06dfdd8ca13816a2ac529901b91176
QX-00001,110,BDZ-00174,100,2,year_end_2025,SRC02:主变1+SRC03:设备明细,电网建模数据_Agent整合版_V1.2,sum same-voltage transformer capacities by anonymized station key,real_2021_2025,validated_equipment_scope,563180da9b4fd16012c14ddb974e76ce1f06dfdd8ca13816a2ac529901b91176
QX-00001,110,BDZ-00177,63,2,year_end_2025,SRC02:主变1+SRC03:设备明细,电网建模数据_Agent整合版_V1.2,sum same-voltage transformer capacities by anonymized station key,real_2021_2025,validated_equipment_scope,563180da9b4fd16012c14ddb974e76ce1f06dfdd8ca13816a2ac529901b91176
QX-00003,35,BDZ-00254,30,2,year_end_2025,SRC02:主变1+SRC03:设备明细,电网建模数据_Agent整合版_V1.2,sum same-voltage transformer capacities by anonymized station key,real_2021_2025,validated_equipment_scope,563180da9b4fd16012c14ddb974e76ce1f06dfdd8ca13816a2ac529901b91176
QX-00003,35,BDZ-00258,40,2,year_end_2025,SRC02:主变1+SRC03:设备明细,电网建模数据_Agent整合版_V1.2,sum same-voltage transformer capacities by anonymized station key,real_2021_2025,validated_equipment_scope,563180da9b4fd16012c14ddb974e76ce1f06dfdd8ca13816a2ac529901b91176
QX-00003,35,BDZ-00267,16,2,year_end_2025,SRC02:主变1+SRC03:设备明细,电网建模数据_Agent整合版_V1.2,sum same-voltage transformer capacities by anonymized station key,real_2021_2025,validated_equipment_scope,563180da9b4fd16012c14ddb974e76ce1f06dfdd8ca13816a2ac529901b91176
QX-00003,35,BDZ-00268,36,2,year_end_2025,SRC02:主变1+SRC03:设备明细,电网建模数据_Agent整合版_V1.2,sum same-voltage transformer capacities by anonymized station key,real_2021_2025,validated_equipment_scope,563180da9b4fd16012c14ddb974e76ce1f06dfdd8ca13816a2ac529901b91176
QX-00003,35,BDZ-00282,16,2,year_end_2025,SRC02:主变1+SRC03:设备明细,电网建模数据_Agent整合版_V1.2,sum same-voltage transformer capacities by anonymized station key,real_2021_2025,validated_equipment_scope,563180da9b4fd16012c14ddb974e76ce1f06dfdd8ca13816a2ac529901b91176
QX-00003,35,BDZ-00286,24,2,year_end_2025,SRC02:主变1+SRC03:设备明细,电网建模数据_Agent整合版_V1.2,sum same-voltage transformer capacities by anonymized station key,real_2021_2025,validated_equipment_scope,563180da9b4fd16012c14ddb974e76ce1f06dfdd8ca13816a2ac529901b91176
QX-00003,35,BDZ-00294,15,2,year_end_2025,SRC02:主变1+SRC03:设备明细,电网建模数据_Agent整合版_V1.2,sum same-voltage transformer capacities by anonymized station key,real_2021_2025,validated_equipment_scope,563180da9b4fd16012c14ddb974e76ce1f06dfdd8ca13816a2ac529901b91176
QX-00003,35,BDZ-00302,40,2,year_end_2025,SRC02:主变1+SRC03:设备明细,电网建模数据_Agent整合版_V1.2,sum same-voltage transformer capacities by anonymized station key,real_2021_2025,validated_equipment_scope,563180da9b4fd16012c14ddb974e76ce1f06dfdd8ca13816a2ac529901b91176
QX-00003,35,BDZ-00305,45,2,year_end_2025,SRC02:主变1+SRC03:设备明细,电网建模数据_Agent整合版_V1.2,sum same-voltage transformer capacities by anonymized station key,real_2021_2025,validated_equipment_scope,563180da9b4fd16012c14ddb974e76ce1f06dfdd8ca13816a2ac529901b91176
QX-00003,35,BDZ-00311,40,2,year_end_2025,SRC02:主变1+SRC03:设备明细,电网建模数据_Agent整合版_V1.2,sum same-voltage transformer capacities by anonymized station key,real_2021_2025,validated_equipment_scope,563180da9b4fd16012c14ddb974e76ce1f06dfdd8ca13816a2ac529901b91176
QX-00003,110,BDZ-00007,81.5,2,year_end_2025,SRC02:主变1+SRC03:设备明细,电网建模数据_Agent整合版_V1.2,sum same-voltage transformer capacities by anonymized station key,real_2021_2025,validated_equipment_scope,563180da9b4fd16012c14ddb974e76ce1f06dfdd8ca13816a2ac529901b91176
QX-00003,110,BDZ-00010,100,2,year_end_2025,SRC02:主变1+SRC03:设备明细,电网建模数据_Agent整合版_V1.2,sum same-voltage transformer capacities by anonymized station key,real_2021_2025,validated_equipment_scope,563180da9b4fd16012c14ddb974e76ce1f06dfdd8ca13816a2ac529901b91176
QX-00003,110,BDZ-00017,100,2,year_end_2025,SRC02:主变1+SRC03:设备明细,电网建模数据_Agent整合版_V1.2,sum same-voltage transformer capacities by anonymized station key,real_2021_2025,validated_equipment_scope,563180da9b4fd16012c14ddb974e76ce1f06dfdd8ca13816a2ac529901b91176
QX-00003,110,BDZ-00019,126,2,year_end_2025,SRC02:主变1+SRC03:设备明细,电网建模数据_Agent整合版_V1.2,sum same-voltage transformer capacities by anonymized station key,real_2021_2025,validated_equipment_scope,563180da9b4fd16012c14ddb974e76ce1f06dfdd8ca13816a2ac529901b91176
QX-00003,110,BDZ-00025,126,2,year_end_2025,SRC02:主变1+SRC03:设备明细,电网建模数据_Agent整合版_V1.2,sum same-voltage transformer capacities by anonymized station key,real_2021_2025,validated_equipment_scope,563180da9b4fd16012c14ddb974e76ce1f06dfdd8ca13816a2ac529901b91176
QX-00003,110,BDZ-00060,70,2,year_end_2025,SRC02:主变1+SRC03:设备明细,电网建模数据_Agent整合版_V1.2,sum same-voltage transformer capacities by anonymized station key,real_2021_2025,validated_equipment_scope,563180da9b4fd16012c14ddb974e76ce1f06dfdd8ca13816a2ac529901b91176
QX-00003,110,BDZ-00101,81.5,2,year_end_2025,SRC02:主变1+SRC03:设备明细,电网建模数据_Agent整合版_V1.2,sum same-voltage transformer capacities by anonymized station key,real_2021_2025,validated_equipment_scope,563180da9b4fd16012c14ddb974e76ce1f06dfdd8ca13816a2ac529901b91176
QX-00003,110,BDZ-00153,100,2,year_end_2025,SRC02:主变1+SRC03:设备明细,电网建模数据_Agent整合版_V1.2,sum same-voltage transformer capacities by anonymized station key,real_2021_2025,validated_equipment_scope,563180da9b4fd16012c14ddb974e76ce1f06dfdd8ca13816a2ac529901b91176
QX-00003,110,BDZ-00158,100,2,year_end_2025,SRC02:主变1+SRC03:设备明细,电网建模数据_Agent整合版_V1.2,sum same-voltage transformer capacities by anonymized station key,real_2021_2025,validated_equipment_scope,563180da9b4fd16012c14ddb974e76ce1f06dfdd8ca13816a2ac529901b91176
QX-00003,110,BDZ-00183,100,2,year_end_2025,SRC02:主变1+SRC03:设备明细,电网建模数据_Agent整合版_V1.2,sum same-voltage transformer capacities by anonymized station key,real_2021_2025,validated_equipment_scope,563180da9b4fd16012c14ddb974e76ce1f06dfdd8ca13816a2ac529901b91176
QX-00004,35,BDZ-00250,40,2,year_end_2025,SRC02:主变1+SRC03:设备明细,电网建模数据_Agent整合版_V1.2,sum same-voltage transformer capacities by anonymized station key,real_2021_2025,validated_equipment_scope,563180da9b4fd16012c14ddb974e76ce1f06dfdd8ca13816a2ac529901b91176
QX-00004,35,BDZ-00262,28,2,year_end_2025,SRC02:主变1+SRC03:设备明细,电网建模数据_Agent整合版_V1.2,sum same-voltage transformer capacities by anonymized station key,real_2021_2025,validated_equipment_scope,563180da9b4fd16012c14ddb974e76ce1f06dfdd8ca13816a2ac529901b91176
QX-00004,35,BDZ-00263,16,2,year_end_2025,SRC02:主变1+SRC03:设备明细,电网建模数据_Agent整合版_V1.2,sum same-voltage transformer capacities by anonymized station key,real_2021_2025,validated_equipment_scope,563180da9b4fd16012c14ddb974e76ce1f06dfdd8ca13816a2ac529901b91176
QX-00004,35,BDZ-00265,40,2,year_end_2025,SRC02:主变1+SRC03:设备明细,电网建模数据_Agent整合版_V1.2,sum same-voltage transformer capacities by anonymized station key,real_2021_2025,validated_equipment_scope,563180da9b4fd16012c14ddb974e76ce1f06dfdd8ca13816a2ac529901b91176
QX-00004,35,BDZ-00285,26,2,year_end_2025,SRC02:主变1+SRC03:设备明细,电网建模数据_Agent整合版_V1.2,sum same-voltage transformer capacities by anonymized station key,real_2021_2025,validated_equipment_scope,563180da9b4fd16012c14ddb974e76ce1f06dfdd8ca13816a2ac529901b91176
QX-00004,35,BDZ-00287,30,2,year_end_2025,SRC02:主变1+SRC03:设备明细,电网建模数据_Agent整合版_V1.2,sum same-voltage transformer capacities by anonymized station key,real_2021_2025,validated_equipment_scope,563180da9b4fd16012c14ddb974e76ce1f06dfdd8ca13816a2ac529901b91176
QX-00004,35,BDZ-00289,16,2,year_end_2025,SRC02:主变1+SRC03:设备明细,电网建模数据_Agent整合版_V1.2,sum same-voltage transformer capacities by anonymized station key,real_2021_2025,validated_equipment_scope,563180da9b4fd16012c14ddb974e76ce1f06dfdd8ca13816a2ac529901b91176
QX-00004,35,BDZ-00309,36,2,year_end_2025,SRC02:主变1+SRC03:设备明细,电网建模数据_Agent整合版_V1.2,sum same-voltage transformer capacities by anonymized station key,real_2021_2025,validated_equipment_scope,563180da9b4fd16012c14ddb974e76ce1f06dfdd8ca13816a2ac529901b91176
QX-00004,35,BDZ-00312,18,2,year_end_2025,SRC02:主变1+SRC03:设备明细,电网建模数据_Agent整合版_V1.2,sum same-voltage transformer capacities by anonymized station key,real_2021_2025,validated_equipment_scope,563180da9b4fd16012c14ddb974e76ce1f06dfdd8ca13816a2ac529901b91176
QX-00004,110,BDZ-00001,100,2,year_end_2025,SRC02:主变1+SRC03:设备明细,电网建模数据_Agent整合版_V1.2,sum same-voltage transformer capacities by anonymized station key,real_2021_2025,validated_equipment_scope,563180da9b4fd16012c14ddb974e76ce1f06dfdd8ca13816a2ac529901b91176
QX-00004,110,BDZ-00002,100,2,year_end_2025,SRC02:主变1+SRC03:设备明细,电网建模数据_Agent整合版_V1.2,sum same-voltage transformer capacities by anonymized station key,real_2021_2025,validated_equipment_scope,563180da9b4fd16012c14ddb974e76ce1f06dfdd8ca13816a2ac529901b91176
QX-00004,110,BDZ-00008,100,2,year_end_2025,SRC02:主变1+SRC03:设备明细,电网建模数据_Agent整合版_V1.2,sum same-voltage transformer capacities by anonymized station key,real_2021_2025,validated_equipment_scope,563180da9b4fd16012c14ddb974e76ce1f06dfdd8ca13816a2ac529901b91176
QX-00004,110,BDZ-00029,100,2,year_end_2025,SRC02:主变1+SRC03:设备明细,电网建模数据_Agent整合版_V1.2,sum same-voltage transformer capacities by anonymized station key,real_2021_2025,validated_equipment_scope,563180da9b4fd16012c14ddb974e76ce1f06dfdd8ca13816a2ac529901b91176
QX-00004,110,BDZ-00041,100,2,year_end_2025,SRC02:主变1+SRC03:设备明细,电网建模数据_Agent整合版_V1.2,sum same-voltage transformer capacities by anonymized station key,real_2021_2025,validated_equipment_scope,563180da9b4fd16012c14ddb974e76ce1f06dfdd8ca13816a2ac529901b91176
QX-00004,110,BDZ-00047,100,2,year_end_2025,SRC02:主变1+SRC03:设备明细,电网建模数据_Agent整合版_V1.2,sum same-voltage transformer capacities by anonymized station key,real_2021_2025,validated_equipment_scope,563180da9b4fd16012c14ddb974e76ce1f06dfdd8ca13816a2ac529901b91176
QX-00004,110,BDZ-00061,126,2,year_end_2025,SRC02:主变1+SRC03:设备明细,电网建模数据_Agent整合版_V1.2,sum same-voltage transformer capacities by anonymized station key,real_2021_2025,validated_equipment_scope,563180da9b4fd16012c14ddb974e76ce1f06dfdd8ca13816a2ac529901b91176
QX-00004,110,BDZ-00064,100,2,year_end_2025,SRC02:主变1+SRC03:设备明细,电网建模数据_Agent整合版_V1.2,sum same-voltage transformer capacities by anonymized station key,real_2021_2025,validated_equipment_scope,563180da9b4fd16012c14ddb974e76ce1f06dfdd8ca13816a2ac529901b91176
QX-00004,110,BDZ-00075,130,2,year_end_2025,SRC02:主变1+SRC03:设备明细,电网建模数据_Agent整合版_V1.2,sum same-voltage transformer capacities by anonymized station key,real_2021_2025,validated_equipment_scope,563180da9b4fd16012c14ddb974e76ce1f06dfdd8ca13816a2ac529901b91176
QX-00004,110,BDZ-00082,100,2,year_end_2025,SRC02:主变1+SRC03:设备明细,电网建模数据_Agent整合版_V1.2,sum same-voltage transformer capacities by anonymized station key,real_2021_2025,validated_equipment_scope,563180da9b4fd16012c14ddb974e76ce1f06dfdd8ca13816a2ac529901b91176
QX-00004,110,BDZ-00083,126,2,year_end_2025,SRC02:主变1+SRC03:设备明细,电网建模数据_Agent整合版_V1.2,sum same-voltage transformer capacities by anonymized station key,real_2021_2025,validated_equipment_scope,563180da9b4fd16012c14ddb974e76ce1f06dfdd8ca13816a2ac529901b91176
QX-00004,110,BDZ-00093,126,2,year_end_2025,SRC02:主变1+SRC03:设备明细,电网建模数据_Agent整合版_V1.2,sum same-voltage transformer capacities by anonymized station key,real_2021_2025,validated_equipment_scope,563180da9b4fd16012c14ddb974e76ce1f06dfdd8ca13816a2ac529901b91176
QX-00004,110,BDZ-00098,100,2,year_end_2025,SRC02:主变1+SRC03:设备明细,电网建模数据_Agent整合版_V1.2,sum same-voltage transformer capacities by anonymized station key,real_2021_2025,validated_equipment_scope,563180da9b4fd16012c14ddb974e76ce1f06dfdd8ca13816a2ac529901b91176
QX-00004,110,BDZ-00130,70,2,year_end_2025,SRC02:主变1+SRC03:设备明细,电网建模数据_Agent整合版_V1.2,sum same-voltage transformer capacities by anonymized station key,real_2021_2025,validated_equipment_scope,563180da9b4fd16012c14ddb974e76ce1f06dfdd8ca13816a2ac529901b91176
QX-00004,110,BDZ-00140,126,2,year_end_2025,SRC02:主变1+SRC03:设备明细,电网建模数据_Agent整合版_V1.2,sum same-voltage transformer capacities by anonymized station key,real_2021_2025,validated_equipment_scope,563180da9b4fd16012c14ddb974e76ce1f06dfdd8ca13816a2ac529901b91176
QX-00004,110,BDZ-00149,90,2,year_end_2025,SRC02:主变1+SRC03:设备明细,电网建模数据_Agent整合版_V1.2,sum same-voltage transformer capacities by anonymized station key,real_2021_2025,validated_equipment_scope,563180da9b4fd16012c14ddb974e76ce1f06dfdd8ca13816a2ac529901b91176
QX-00004,110,BDZ-00152,100,2,year_end_2025,SRC02:主变1+SRC03:设备明细,电网建模数据_Agent整合版_V1.2,sum same-voltage transformer capacities by anonymized station key,real_2021_2025,validated_equipment_scope,563180da9b4fd16012c14ddb974e76ce1f06dfdd8ca13816a2ac529901b91176
QX-00004,110,BDZ-00169,100,2,year_end_2025,SRC02:主变1+SRC03:设备明细,电网建模数据_Agent整合版_V1.2,sum same-voltage transformer capacities by anonymized station key,real_2021_2025,validated_equipment_scope,563180da9b4fd16012c14ddb974e76ce1f06dfdd8ca13816a2ac529901b91176
QX-00004,110,BDZ-00181,113,2,year_end_2025,SRC02:主变1+SRC03:设备明细,电网建模数据_Agent整合版_V1.2,sum same-voltage transformer capacities by anonymized station key,real_2021_2025,validated_equipment_scope,563180da9b4fd16012c14ddb974e76ce1f06dfdd8ca13816a2ac529901b91176
QX-00004,110,BDZ-00182,100,2,year_end_2025,SRC02:主变1+SRC03:设备明细,电网建模数据_Agent整合版_V1.2,sum same-voltage transformer capacities by anonymized station key,real_2021_2025,validated_equipment_scope,563180da9b4fd16012c14ddb974e76ce1f06dfdd8ca13816a2ac529901b91176
QX-00005,35,BDZ-00246,40,2,year_end_2025,SRC02:主变1+SRC03:设备明细,电网建模数据_Agent整合版_V1.2,sum same-voltage transformer capacities by anonymized station key,real_2021_2025,validated_equipment_scope,563180da9b4fd16012c14ddb974e76ce1f06dfdd8ca13816a2ac529901b91176
QX-00005,35,BDZ-00247,18,2,year_end_2025,SRC02:主变1+SRC03:设备明细,电网建模数据_Agent整合版_V1.2,sum same-voltage transformer capacities by anonymized station key,real_2021_2025,validated_equipment_scope,563180da9b4fd16012c14ddb974e76ce1f06dfdd8ca13816a2ac529901b91176
QX-00005,35,BDZ-00248,40,2,year_end_2025,SRC02:主变1+SRC03:设备明细,电网建模数据_Agent整合版_V1.2,sum same-voltage transformer capacities by anonymized station key,real_2021_2025,validated_equipment_scope,563180da9b4fd16012c14ddb974e76ce1f06dfdd8ca13816a2ac529901b91176
QX-00005,35,BDZ-00255,30,2,year_end_2025,SRC02:主变1+SRC03:设备明细,电网建模数据_Agent整合版_V1.2,sum same-voltage transformer capacities by anonymized station key,real_2021_2025,validated_equipment_scope,563180da9b4fd16012c14ddb974e76ce1f06dfdd8ca13816a2ac529901b91176
QX-00005,35,BDZ-00280,45,2,year_end_2025,SRC02:主变1+SRC03:设备明细,电网建模数据_Agent整合版_V1.2,sum same-voltage transformer capacities by anonymized station key,real_2021_2025,validated_equipment_scope,563180da9b4fd16012c14ddb974e76ce1f06dfdd8ca13816a2ac529901b91176
QX-00005,35,BDZ-00290,30,2,year_end_2025,SRC02:主变1+SRC03:设备明细,电网建模数据_Agent整合版_V1.2,sum same-voltage transformer capacities by anonymized station key,real_2021_2025,validated_equipment_scope,563180da9b4fd16012c14ddb974e76ce1f06dfdd8ca13816a2ac529901b91176
QX-00005,35,BDZ-00314,36,2,year_end_2025,SRC02:主变1+SRC03:设备明细,电网建模数据_Agent整合版_V1.2,sum same-voltage transformer capacities by anonymized station key,real_2021_2025,validated_equipment_scope,563180da9b4fd16012c14ddb974e76ce1f06dfdd8ca13816a2ac529901b91176
QX-00005,35,BDZ-00325,36,2,year_end_2025,SRC02:主变1+SRC03:设备明细,电网建模数据_Agent整合版_V1.2,sum same-voltage transformer capacities by anonymized station key,real_2021_2025,validated_equipment_scope,563180da9b4fd16012c14ddb974e76ce1f06dfdd8ca13816a2ac529901b91176
QX-00005,110,BDZ-00005,100,2,operating_2025,SRC02:主变1+SRC03:设备明细,电网建模数据_Agent整合版_V1.2,year_end equipment scope excluding BDZ-00056 commissioned at end-2025,real_2021_2025,operating_scope_reconciled_to_src08,563180da9b4fd16012c14ddb974e76ce1f06dfdd8ca13816a2ac529901b91176
QX-00005,110,BDZ-00016,150,2,operating_2025,SRC02:主变1+SRC03:设备明细,电网建模数据_Agent整合版_V1.2,year_end equipment scope excluding BDZ-00056 commissioned at end-2025,real_2021_2025,operating_scope_reconciled_to_src08,563180da9b4fd16012c14ddb974e76ce1f06dfdd8ca13816a2ac529901b91176
QX-00005,110,BDZ-00021,100,2,operating_2025,SRC02:主变1+SRC03:设备明细,电网建模数据_Agent整合版_V1.2,year_end equipment scope excluding BDZ-00056 commissioned at end-2025,real_2021_2025,operating_scope_reconciled_to_src08,563180da9b4fd16012c14ddb974e76ce1f06dfdd8ca13816a2ac529901b91176
QX-00005,110,BDZ-00022,81.5,2,operating_2025,SRC02:主变1+SRC03:设备明细,电网建模数据_Agent整合版_V1.2,year_end equipment scope excluding BDZ-00056 commissioned at end-2025,real_2021_2025,operating_scope_reconciled_to_src08,563180da9b4fd16012c14ddb974e76ce1f06dfdd8ca13816a2ac529901b91176
QX-00005,110,BDZ-00026,113,2,operating_2025,SRC02:主变1+SRC03:设备明细,电网建模数据_Agent整合版_V1.2,year_end equipment scope excluding BDZ-00056 commissioned at end-2025,real_2021_2025,operating_scope_reconciled_to_src08,563180da9b4fd16012c14ddb974e76ce1f06dfdd8ca13816a2ac529901b91176
QX-00005,110,BDZ-00027,100,2,operating_2025,SRC02:主变1+SRC03:设备明细,电网建模数据_Agent整合版_V1.2,year_end equipment scope excluding BDZ-00056 commissioned at end-2025,real_2021_2025,operating_scope_reconciled_to_src08,563180da9b4fd16012c14ddb974e76ce1f06dfdd8ca13816a2ac529901b91176
QX-00005,110,BDZ-00028,163,2,operating_2025,SRC02:主变1+SRC03:设备明细,电网建模数据_Agent整合版_V1.2,year_end equipment scope excluding BDZ-00056 commissioned at end-2025,real_2021_2025,operating_scope_reconciled_to_src08,563180da9b4fd16012c14ddb974e76ce1f06dfdd8ca13816a2ac529901b91176
QX-00005,110,BDZ-00031,113,2,operating_2025,SRC02:主变1+SRC03:设备明细,电网建模数据_Agent整合版_V1.2,year_end equipment scope excluding BDZ-00056 commissioned at end-2025,real_2021_2025,operating_scope_reconciled_to_src08,563180da9b4fd16012c14ddb974e76ce1f06dfdd8ca13816a2ac529901b91176
QX-00005,110,BDZ-00037,100,2,operating_2025,SRC02:主变1+SRC03:设备明细,电网建模数据_Agent整合版_V1.2,year_end equipment scope excluding BDZ-00056 commissioned at end-2025,real_2021_2025,operating_scope_reconciled_to_src08,563180da9b4fd16012c14ddb974e76ce1f06dfdd8ca13816a2ac529901b91176
QX-00005,110,BDZ-00048,150,2,operating_2025,SRC02:主变1+SRC03:设备明细,电网建模数据_Agent整合版_V1.2,year_end equipment scope excluding BDZ-00056 commissioned at end-2025,real_2021_2025,operating_scope_reconciled_to_src08,563180da9b4fd16012c14ddb974e76ce1f06dfdd8ca13816a2ac529901b91176
QX-00005,110,BDZ-00095,100,2,operating_2025,SRC02:主变1+SRC03:设备明细,电网建模数据_Agent整合版_V1.2,year_end equipment scope excluding BDZ-00056 commissioned at end-2025,real_2021_2025,operating_scope_reconciled_to_src08,563180da9b4fd16012c14ddb974e76ce1f06dfdd8ca13816a2ac529901b91176
QX-00005,110,BDZ-00096,160,2,operating_2025,SRC02:主变1+SRC03:设备明细,电网建模数据_Agent整合版_V1.2,year_end equipment scope excluding BDZ-00056 commissioned at end-2025,real_2021_2025,operating_scope_reconciled_to_src08,563180da9b4fd16012c14ddb974e76ce1f06dfdd8ca13816a2ac529901b91176
QX-00005,110,BDZ-00124,113,2,operating_2025,SRC02:主变1+SRC03:设备明细,电网建模数据_Agent整合版_V1.2,year_end equipment scope excluding BDZ-00056 commissioned at end-2025,real_2021_2025,operating_scope_reconciled_to_src08,563180da9b4fd16012c14ddb974e76ce1f06dfdd8ca13816a2ac529901b91176
QX-00005,110,BDZ-00135,113,2,operating_2025,SRC02:主变1+SRC03:设备明细,电网建模数据_Agent整合版_V1.2,year_end equipment scope excluding BDZ-00056 commissioned at end-2025,real_2021_2025,operating_scope_reconciled_to_src08,563180da9b4fd16012c14ddb974e76ce1f06dfdd8ca13816a2ac529901b91176
QX-00005,110,BDZ-00141,100,2,operating_2025,SRC02:主变1+SRC03:设备明细,电网建模数据_Agent整合版_V1.2,year_end equipment scope excluding BDZ-00056 commissioned at end-2025,real_2021_2025,operating_scope_reconciled_to_src08,563180da9b4fd16012c14ddb974e76ce1f06dfdd8ca13816a2ac529901b91176
QX-00005,110,BDZ-00146,80,2,operating_2025,SRC02:主变1+SRC03:设备明细,电网建模数据_Agent整合版_V1.2,year_end equipment scope excluding BDZ-00056 commissioned at end-2025,real_2021_2025,operating_scope_reconciled_to_src08,563180da9b4fd16012c14ddb974e76ce1f06dfdd8ca13816a2ac529901b91176
QX-00005,110,BDZ-00147,100,2,operating_2025,SRC02:主变1+SRC03:设备明细,电网建模数据_Agent整合版_V1.2,year_end equipment scope excluding BDZ-00056 commissioned at end-2025,real_2021_2025,operating_scope_reconciled_to_src08,563180da9b4fd16012c14ddb974e76ce1f06dfdd8ca13816a2ac529901b91176
QX-00005,110,BDZ-00162,40,2,operating_2025,SRC02:主变1+SRC03:设备明细,电网建模数据_Agent整合版_V1.2,year_end equipment scope excluding BDZ-00056 commissioned at end-2025,real_2021_2025,operating_scope_reconciled_to_src08,563180da9b4fd16012c14ddb974e76ce1f06dfdd8ca13816a2ac529901b91176
QX-00005,110,BDZ-00164,63,2,operating_2025,SRC02:主变1+SRC03:设备明细,电网建模数据_Agent整合版_V1.2,year_end equipment scope excluding BDZ-00056 commissioned at end-2025,real_2021_2025,operating_scope_reconciled_to_src08,563180da9b4fd16012c14ddb974e76ce1f06dfdd8ca13816a2ac529901b91176
QX-00005,110,BDZ-00172,100,2,operating_2025,SRC02:主变1+SRC03:设备明细,电网建模数据_Agent整合版_V1.2,year_end equipment scope excluding BDZ-00056 commissioned at end-2025,real_2021_2025,operating_scope_reconciled_to_src08,563180da9b4fd16012c14ddb974e76ce1f06dfdd8ca13816a2ac529901b91176
QX-00005,110,BDZ-00005,100,2,year_end_2025,SRC02:主变1+SRC03:设备明细,电网建模数据_Agent整合版_V1.2,sum same-voltage transformer capacities by anonymized station key,real_2021_2025,validated_equipment_scope,563180da9b4fd16012c14ddb974e76ce1f06dfdd8ca13816a2ac529901b91176
QX-00005,110,BDZ-00016,150,2,year_end_2025,SRC02:主变1+SRC03:设备明细,电网建模数据_Agent整合版_V1.2,sum same-voltage transformer capacities by anonymized station key,real_2021_2025,validated_equipment_scope,563180da9b4fd16012c14ddb974e76ce1f06dfdd8ca13816a2ac529901b91176
QX-00005,110,BDZ-00021,100,2,year_end_2025,SRC02:主变1+SRC03:设备明细,电网建模数据_Agent整合版_V1.2,sum same-voltage transformer capacities by anonymized station key,real_2021_2025,validated_equipment_scope,563180da9b4fd16012c14ddb974e76ce1f06dfdd8ca13816a2ac529901b91176
QX-00005,110,BDZ-00022,81.5,2,year_end_2025,SRC02:主变1+SRC03:设备明细,电网建模数据_Agent整合版_V1.2,sum same-voltage transformer capacities by anonymized station key,real_2021_2025,validated_equipment_scope,563180da9b4fd16012c14ddb974e76ce1f06dfdd8ca13816a2ac529901b91176
QX-00005,110,BDZ-00026,113,2,year_end_2025,SRC02:主变1+SRC03:设备明细,电网建模数据_Agent整合版_V1.2,sum same-voltage transformer capacities by anonymized station key,real_2021_2025,validated_equipment_scope,563180da9b4fd16012c14ddb974e76ce1f06dfdd8ca13816a2ac529901b91176
QX-00005,110,BDZ-00027,100,2,year_end_2025,SRC02:主变1+SRC03:设备明细,电网建模数据_Agent整合版_V1.2,sum same-voltage transformer capacities by anonymized station key,real_2021_2025,validated_equipment_scope,563180da9b4fd16012c14ddb974e76ce1f06dfdd8ca13816a2ac529901b91176
QX-00005,110,BDZ-00028,163,2,year_end_2025,SRC02:主变1+SRC03:设备明细,电网建模数据_Agent整合版_V1.2,sum same-voltage transformer capacities by anonymized station key,real_2021_2025,validated_equipment_scope,563180da9b4fd16012c14ddb974e76ce1f06dfdd8ca13816a2ac529901b91176
QX-00005,110,BDZ-00031,113,2,year_end_2025,SRC02:主变1+SRC03:设备明细,电网建模数据_Agent整合版_V1.2,sum same-voltage transformer capacities by anonymized station key,real_2021_2025,validated_equipment_scope,563180da9b4fd16012c14ddb974e76ce1f06dfdd8ca13816a2ac529901b91176
QX-00005,110,BDZ-00037,100,2,year_end_2025,SRC02:主变1+SRC03:设备明细,电网建模数据_Agent整合版_V1.2,sum same-voltage transformer capacities by anonymized station key,real_2021_2025,validated_equipment_scope,563180da9b4fd16012c14ddb974e76ce1f06dfdd8ca13816a2ac529901b91176
QX-00005,110,BDZ-00048,150,2,year_end_2025,SRC02:主变1+SRC03:设备明细,电网建模数据_Agent整合版_V1.2,sum same-voltage transformer capacities by anonymized station key,real_2021_2025,validated_equipment_scope,563180da9b4fd16012c14ddb974e76ce1f06dfdd8ca13816a2ac529901b91176
QX-00005,110,BDZ-00056,100,2,year_end_2025,SRC02:主变1+SRC03:设备明细,电网建模数据_Agent整合版_V1.2,sum same-voltage transformer capacities by anonymized station key,real_2021_2025,validated_equipment_scope,563180da9b4fd16012c14ddb974e76ce1f06dfdd8ca13816a2ac529901b91176
QX-00005,110,BDZ-00095,100,2,year_end_2025,SRC02:主变1+SRC03:设备明细,电网建模数据_Agent整合版_V1.2,sum same-voltage transformer capacities by anonymized station key,real_2021_2025,validated_equipment_scope,563180da9b4fd16012c14ddb974e76ce1f06dfdd8ca13816a2ac529901b91176
QX-00005,110,BDZ-00096,160,2,year_end_2025,SRC02:主变1+SRC03:设备明细,电网建模数据_Agent整合版_V1.2,sum same-voltage transformer capacities by anonymized station key,real_2021_2025,validated_equipment_scope,563180da9b4fd16012c14ddb974e76ce1f06dfdd8ca13816a2ac529901b91176
QX-00005,110,BDZ-00124,113,2,year_end_2025,SRC02:主变1+SRC03:设备明细,电网建模数据_Agent整合版_V1.2,sum same-voltage transformer capacities by anonymized station key,real_2021_2025,validated_equipment_scope,563180da9b4fd16012c14ddb974e76ce1f06dfdd8ca13816a2ac529901b91176
QX-00005,110,BDZ-00135,113,2,year_end_2025,SRC02:主变1+SRC03:设备明细,电网建模数据_Agent整合版_V1.2,sum same-voltage transformer capacities by anonymized station key,real_2021_2025,validated_equipment_scope,563180da9b4fd16012c14ddb974e76ce1f06dfdd8ca13816a2ac529901b91176
QX-00005,110,BDZ-00141,100,2,year_end_2025,SRC02:主变1+SRC03:设备明细,电网建模数据_Agent整合版_V1.2,sum same-voltage transformer capacities by anonymized station key,real_2021_2025,validated_equipment_scope,563180da9b4fd16012c14ddb974e76ce1f06dfdd8ca13816a2ac529901b91176
QX-00005,110,BDZ-00146,80,2,year_end_2025,SRC02:主变1+SRC03:设备明细,电网建模数据_Agent整合版_V1.2,sum same-voltage transformer capacities by anonymized station key,real_2021_2025,validated_equipment_scope,563180da9b4fd16012c14ddb974e76ce1f06dfdd8ca13816a2ac529901b91176
QX-00005,110,BDZ-00147,100,2,year_end_2025,SRC02:主变1+SRC03:设备明细,电网建模数据_Agent整合版_V1.2,sum same-voltage transformer capacities by anonymized station key,real_2021_2025,validated_equipment_scope,563180da9b4fd16012c14ddb974e76ce1f06dfdd8ca13816a2ac529901b91176
QX-00005,110,BDZ-00162,40,2,year_end_2025,SRC02:主变1+SRC03:设备明细,电网建模数据_Agent整合版_V1.2,sum same-voltage transformer capacities by anonymized station key,real_2021_2025,validated_equipment_scope,563180da9b4fd16012c14ddb974e76ce1f06dfdd8ca13816a2ac529901b91176
QX-00005,110,BDZ-00164,63,2,year_end_2025,SRC02:主变1+SRC03:设备明细,电网建模数据_Agent整合版_V1.2,sum same-voltage transformer capacities by anonymized station key,real_2021_2025,validated_equipment_scope,563180da9b4fd16012c14ddb974e76ce1f06dfdd8ca13816a2ac529901b91176
QX-00005,110,BDZ-00172,100,2,year_end_2025,SRC02:主变1+SRC03:设备明细,电网建模数据_Agent整合版_V1.2,sum same-voltage transformer capacities by anonymized station key,real_2021_2025,validated_equipment_scope,563180da9b4fd16012c14ddb974e76ce1f06dfdd8ca13816a2ac529901b91176
QX-00007,35,BDZ-00270,0,0,year_end_2025,SRC01:变电站1+SRC03:设备明细,电网建模数据_Agent整合版_V1.2,retain station index absent from SRC02 with zero in-service transformer capacity,real_2021_2025,no_in_service_transformer_candidate_station,563180da9b4fd16012c14ddb974e76ce1f06dfdd8ca13816a2ac529901b91176
QX-00007,35,BDZ-00271,36,2,year_end_2025,SRC02:主变1+SRC03:设备明细,电网建模数据_Agent整合版_V1.2,sum same-voltage transformer capacities by anonymized station key,real_2021_2025,validated_equipment_scope,563180da9b4fd16012c14ddb974e76ce1f06dfdd8ca13816a2ac529901b91176
QX-00007,110,BDZ-00004,100,2,year_end_2025,SRC02:主变1+SRC03:设备明细,电网建模数据_Agent整合版_V1.2,sum same-voltage transformer capacities by anonymized station key,real_2021_2025,validated_equipment_scope,563180da9b4fd16012c14ddb974e76ce1f06dfdd8ca13816a2ac529901b91176
QX-00007,110,BDZ-00012,126,2,year_end_2025,SRC02:主变1+SRC03:设备明细,电网建模数据_Agent整合版_V1.2,sum same-voltage transformer capacities by anonymized station key,real_2021_2025,validated_equipment_scope,563180da9b4fd16012c14ddb974e76ce1f06dfdd8ca13816a2ac529901b91176
QX-00007,110,BDZ-00013,113,2,year_end_2025,SRC02:主变1+SRC03:设备明细,电网建模数据_Agent整合版_V1.2,sum same-voltage transformer capacities by anonymized station key,real_2021_2025,validated_equipment_scope,563180da9b4fd16012c14ddb974e76ce1f06dfdd8ca13816a2ac529901b91176
QX-00007,110,BDZ-00023,160,2,year_end_2025,SRC02:主变1+SRC03:设备明细,电网建模数据_Agent整合版_V1.2,sum same-voltage transformer capacities by anonymized station key,real_2021_2025,validated_equipment_scope,563180da9b4fd16012c14ddb974e76ce1f06dfdd8ca13816a2ac529901b91176
QX-00007,110,BDZ-00024,143,2,year_end_2025,SRC02:主变1+SRC03:设备明细,电网建模数据_Agent整合版_V1.2,sum same-voltage transformer capacities by anonymized station key,real_2021_2025,validated_equipment_scope,563180da9b4fd16012c14ddb974e76ce1f06dfdd8ca13816a2ac529901b91176
QX-00007,110,BDZ-00036,80,2,year_end_2025,SRC02:主变1+SRC03:设备明细,电网建模数据_Agent整合版_V1.2,sum same-voltage transformer capacities by anonymized station key,real_2021_2025,validated_equipment_scope,563180da9b4fd16012c14ddb974e76ce1f06dfdd8ca13816a2ac529901b91176
QX-00007,110,BDZ-00042,160,2,year_end_2025,SRC02:主变1+SRC03:设备明细,电网建模数据_Agent整合版_V1.2,sum same-voltage transformer capacities by anonymized station key,real_2021_2025,validated_equipment_scope,563180da9b4fd16012c14ddb974e76ce1f06dfdd8ca13816a2ac529901b91176
QX-00007,110,BDZ-00051,100,2,year_end_2025,SRC02:主变1+SRC03:设备明细,电网建模数据_Agent整合版_V1.2,sum same-voltage transformer capacities by anonymized station key,real_2021_2025,validated_equipment_scope,563180da9b4fd16012c14ddb974e76ce1f06dfdd8ca13816a2ac529901b91176
QX-00007,110,BDZ-00053,126,2,year_end_2025,SRC02:主变1+SRC03:设备明细,电网建模数据_Agent整合版_V1.2,sum same-voltage transformer capacities by anonymized station key,real_2021_2025,validated_equipment_scope,563180da9b4fd16012c14ddb974e76ce1f06dfdd8ca13816a2ac529901b91176
QX-00007,110,BDZ-00062,126,2,year_end_2025,SRC02:主变1+SRC03:设备明细,电网建模数据_Agent整合版_V1.2,sum same-voltage transformer capacities by anonymized station key,real_2021_2025,validated_equipment_scope,563180da9b4fd16012c14ddb974e76ce1f06dfdd8ca13816a2ac529901b91176
QX-00007,110,BDZ-00065,160,2,year_end_2025,SRC02:主变1+SRC03:设备明细,电网建模数据_Agent整合版_V1.2,sum same-voltage transformer capacities by anonymized station key,real_2021_2025,validated_equipment_scope,563180da9b4fd16012c14ddb974e76ce1f06dfdd8ca13816a2ac529901b91176
QX-00007,110,BDZ-00074,113,2,year_end_2025,SRC02:主变1+SRC03:设备明细,电网建模数据_Agent整合版_V1.2,sum same-voltage transformer capacities by anonymized station key,real_2021_2025,validated_equipment_scope,563180da9b4fd16012c14ddb974e76ce1f06dfdd8ca13816a2ac529901b91176
QX-00007,110,BDZ-00076,100,2,year_end_2025,SRC02:主变1+SRC03:设备明细,电网建模数据_Agent整合版_V1.2,sum same-voltage transformer capacities by anonymized station key,real_2021_2025,validated_equipment_scope,563180da9b4fd16012c14ddb974e76ce1f06dfdd8ca13816a2ac529901b91176
QX-00007,110,BDZ-00085,126,2,year_end_2025,SRC02:主变1+SRC03:设备明细,电网建模数据_Agent整合版_V1.2,sum same-voltage transformer capacities by anonymized station key,real_2021_2025,validated_equipment_scope,563180da9b4fd16012c14ddb974e76ce1f06dfdd8ca13816a2ac529901b91176
QX-00007,110,BDZ-00092,100,2,year_end_2025,SRC02:主变1+SRC03:设备明细,电网建模数据_Agent整合版_V1.2,sum same-voltage transformer capacities by anonymized station key,real_2021_2025,validated_equipment_scope,563180da9b4fd16012c14ddb974e76ce1f06dfdd8ca13816a2ac529901b91176
QX-00007,110,BDZ-00094,113,2,year_end_2025,SRC02:主变1+SRC03:设备明细,电网建模数据_Agent整合版_V1.2,sum same-voltage transformer capacities by anonymized station key,real_2021_2025,validated_equipment_scope,563180da9b4fd16012c14ddb974e76ce1f06dfdd8ca13816a2ac529901b91176
QX-00007,110,BDZ-00102,100,2,year_end_2025,SRC02:主变1+SRC03:设备明细,电网建模数据_Agent整合版_V1.2,sum same-voltage transformer capacities by anonymized station key,real_2021_2025,validated_equipment_scope,563180da9b4fd16012c14ddb974e76ce1f06dfdd8ca13816a2ac529901b91176
QX-00007,110,BDZ-00103,100,2,year_end_2025,SRC02:主变1+SRC03:设备明细,电网建模数据_Agent整合版_V1.2,sum same-voltage transformer capacities by anonymized station key,real_2021_2025,validated_equipment_scope,563180da9b4fd16012c14ddb974e76ce1f06dfdd8ca13816a2ac529901b91176
QX-00007,110,BDZ-00106,100,2,year_end_2025,SRC02:主变1+SRC03:设备明细,电网建模数据_Agent整合版_V1.2,sum same-voltage transformer capacities by anonymized station key,real_2021_2025,validated_equipment_scope,563180da9b4fd16012c14ddb974e76ce1f06dfdd8ca13816a2ac529901b91176
QX-00007,110,BDZ-00110,200,2,year_end_2025,SRC02:主变1+SRC03:设备明细,电网建模数据_Agent整合版_V1.2,sum same-voltage transformer capacities by anonymized station key,real_2021_2025,validated_equipment_scope,563180da9b4fd16012c14ddb974e76ce1f06dfdd8ca13816a2ac529901b91176
QX-00007,110,BDZ-00114,176,3,year_end_2025,SRC02:主变1+SRC03:设备明细,电网建模数据_Agent整合版_V1.2,sum same-voltage transformer capacities by anonymized station key,real_2021_2025,validated_equipment_scope,563180da9b4fd16012c14ddb974e76ce1f06dfdd8ca13816a2ac529901b91176
QX-00007,110,BDZ-00115,100,2,year_end_2025,SRC02:主变1+SRC03:设备明细,电网建模数据_Agent整合版_V1.2,sum same-voltage transformer capacities by anonymized station key,real_2021_2025,validated_equipment_scope,563180da9b4fd16012c14ddb974e76ce1f06dfdd8ca13816a2ac529901b91176
QX-00007,110,BDZ-00137,100,2,year_end_2025,SRC02:主变1+SRC03:设备明细,电网建模数据_Agent整合版_V1.2,sum same-voltage transformer capacities by anonymized station key,real_2021_2025,validated_equipment_scope,563180da9b4fd16012c14ddb974e76ce1f06dfdd8ca13816a2ac529901b91176
QX-00007,110,BDZ-00139,100,2,year_end_2025,SRC02:主变1+SRC03:设备明细,电网建模数据_Agent整合版_V1.2,sum same-voltage transformer capacities by anonymized station key,real_2021_2025,validated_equipment_scope,563180da9b4fd16012c14ddb974e76ce1f06dfdd8ca13816a2ac529901b91176
QX-00007,110,BDZ-00142,0,0,year_end_2025,SRC01:变电站1+SRC03:设备明细,电网建模数据_Agent整合版_V1.2,retain station index absent from SRC02 with zero in-service transformer capacity,real_2021_2025,no_in_service_transformer_candidate_station,563180da9b4fd16012c14ddb974e76ce1f06dfdd8ca13816a2ac529901b91176
QX-00007,110,BDZ-00148,160,2,year_end_2025,SRC02:主变1+SRC03:设备明细,电网建模数据_Agent整合版_V1.2,sum same-voltage transformer capacities by anonymized station key,real_2021_2025,validated_equipment_scope,563180da9b4fd16012c14ddb974e76ce1f06dfdd8ca13816a2ac529901b91176
QX-00007,110,BDZ-00151,143,2,year_end_2025,SRC02:主变1+SRC03:设备明细,电网建模数据_Agent整合版_V1.2,sum same-voltage transformer capacities by anonymized station key,real_2021_2025,validated_equipment_scope,563180da9b4fd16012c14ddb974e76ce1f06dfdd8ca13816a2ac529901b91176
QX-00007,110,BDZ-00154,113,2,year_end_2025,SRC02:主变1+SRC03:设备明细,电网建模数据_Agent整合版_V1.2,sum same-voltage transformer capacities by anonymized station key,real_2021_2025,validated_equipment_scope,563180da9b4fd16012c14ddb974e76ce1f06dfdd8ca13816a2ac529901b91176
QX-00007,110,BDZ-00155,100,2,year_end_2025,SRC02:主变1+SRC03:设备明细,电网建模数据_Agent整合版_V1.2,sum same-voltage transformer capacities by anonymized station key,real_2021_2025,validated_equipment_scope,563180da9b4fd16012c14ddb974e76ce1f06dfdd8ca13816a2ac529901b91176
QX-00007,110,BDZ-00156,126,2,year_end_2025,SRC02:主变1+SRC03:设备明细,电网建模数据_Agent整合版_V1.2,sum same-voltage transformer capacities by anonymized station key,real_2021_2025,validated_equipment_scope,563180da9b4fd16012c14ddb974e76ce1f06dfdd8ca13816a2ac529901b91176
QX-00007,110,BDZ-00175,150,2,year_end_2025,SRC02:主变1+SRC03:设备明细,电网建模数据_Agent整合版_V1.2,sum same-voltage transformer capacities by anonymized station key,real_2021_2025,validated_equipment_scope,563180da9b4fd16012c14ddb974e76ce1f06dfdd8ca13816a2ac529901b91176
QX-00008,35,BDZ-00257,16.3,2,year_end_2025,SRC02:主变1+SRC03:设备明细,电网建模数据_Agent整合版_V1.2,sum same-voltage transformer capacities by anonymized station key,real_2021_2025,validated_equipment_scope,563180da9b4fd16012c14ddb974e76ce1f06dfdd8ca13816a2ac529901b91176
QX-00008,35,BDZ-00269,40,2,year_end_2025,SRC02:主变1+SRC03:设备明细,电网建模数据_Agent整合版_V1.2,sum same-voltage transformer capacities by anonymized station key,real_2021_2025,validated_equipment_scope,563180da9b4fd16012c14ddb974e76ce1f06dfdd8ca13816a2ac529901b91176
QX-00008,35,BDZ-00292,20,2,year_end_2025,SRC02:主变1+SRC03:设备明细,电网建模数据_Agent整合版_V1.2,sum same-voltage transformer capacities by anonymized station key,real_2021_2025,validated_equipment_scope,563180da9b4fd16012c14ddb974e76ce1f06dfdd8ca13816a2ac529901b91176
QX-00008,35,BDZ-00293,40,2,year_end_2025,SRC02:主变1+SRC03:设备明细,电网建模数据_Agent整合版_V1.2,sum same-voltage transformer capacities by anonymized station key,real_2021_2025,validated_equipment_scope,563180da9b4fd16012c14ddb974e76ce1f06dfdd8ca13816a2ac529901b91176
QX-00008,35,BDZ-00301,28,2,year_end_2025,SRC02:主变1+SRC03:设备明细,电网建模数据_Agent整合版_V1.2,sum same-voltage transformer capacities by anonymized station key,real_2021_2025,validated_equipment_scope,563180da9b4fd16012c14ddb974e76ce1f06dfdd8ca13816a2ac529901b91176
QX-00008,35,BDZ-00320,20,2,year_end_2025,SRC02:主变1+SRC03:设备明细,电网建模数据_Agent整合版_V1.2,sum same-voltage transformer capacities by anonymized station key,real_2021_2025,validated_equipment_scope,563180da9b4fd16012c14ddb974e76ce1f06dfdd8ca13816a2ac529901b91176
QX-00008,110,BDZ-00003,100,2,year_end_2025,SRC02:主变1+SRC03:设备明细,电网建模数据_Agent整合版_V1.2,sum same-voltage transformer capacities by anonymized station key,real_2021_2025,validated_equipment_scope,563180da9b4fd16012c14ddb974e76ce1f06dfdd8ca13816a2ac529901b91176
QX-00008,110,BDZ-00030,100,2,year_end_2025,SRC02:主变1+SRC03:设备明细,电网建模数据_Agent整合版_V1.2,sum same-voltage transformer capacities by anonymized station key,real_2021_2025,validated_equipment_scope,563180da9b4fd16012c14ddb974e76ce1f06dfdd8ca13816a2ac529901b91176
QX-00008,110,BDZ-00038,100,2,year_end_2025,SRC02:主变1+SRC03:设备明细,电网建模数据_Agent整合版_V1.2,sum same-voltage transformer capacities by anonymized station key,real_2021_2025,validated_equipment_scope,563180da9b4fd16012c14ddb974e76ce1f06dfdd8ca13816a2ac529901b91176
QX-00008,110,BDZ-00043,63,2,year_end_2025,SRC02:主变1+SRC03:设备明细,电网建模数据_Agent整合版_V1.2,sum same-voltage transformer capacities by anonymized station key,real_2021_2025,validated_equipment_scope,563180da9b4fd16012c14ddb974e76ce1f06dfdd8ca13816a2ac529901b91176
QX-00008,110,BDZ-00045,100,2,year_end_2025,SRC02:主变1+SRC03:设备明细,电网建模数据_Agent整合版_V1.2,sum same-voltage transformer capacities by anonymized station key,real_2021_2025,validated_equipment_scope,563180da9b4fd16012c14ddb974e76ce1f06dfdd8ca13816a2ac529901b91176
QX-00008,110,BDZ-00063,100,2,year_end_2025,SRC02:主变1+SRC03:设备明细,电网建模数据_Agent整合版_V1.2,sum same-voltage transformer capacities by anonymized station key,real_2021_2025,validated_equipment_scope,563180da9b4fd16012c14ddb974e76ce1f06dfdd8ca13816a2ac529901b91176
QX-00008,110,BDZ-00066,100,2,year_end_2025,SRC02:主变1+SRC03:设备明细,电网建模数据_Agent整合版_V1.2,sum same-voltage transformer capacities by anonymized station key,real_2021_2025,validated_equipment_scope,563180da9b4fd16012c14ddb974e76ce1f06dfdd8ca13816a2ac529901b91176
QX-00008,110,BDZ-00067,100,2,year_end_2025,SRC02:主变1+SRC03:设备明细,电网建模数据_Agent整合版_V1.2,sum same-voltage transformer capacities by anonymized station key,real_2021_2025,validated_equipment_scope,563180da9b4fd16012c14ddb974e76ce1f06dfdd8ca13816a2ac529901b91176
QX-00008,110,BDZ-00070,100,2,year_end_2025,SRC02:主变1+SRC03:设备明细,电网建模数据_Agent整合版_V1.2,sum same-voltage transformer capacities by anonymized station key,real_2021_2025,validated_equipment_scope,563180da9b4fd16012c14ddb974e76ce1f06dfdd8ca13816a2ac529901b91176
QX-00008,110,BDZ-00073,100,2,year_end_2025,SRC02:主变1+SRC03:设备明细,电网建模数据_Agent整合版_V1.2,sum same-voltage transformer capacities by anonymized station key,real_2021_2025,validated_equipment_scope,563180da9b4fd16012c14ddb974e76ce1f06dfdd8ca13816a2ac529901b91176
QX-00008,110,BDZ-00081,63,2,year_end_2025,SRC02:主变1+SRC03:设备明细,电网建模数据_Agent整合版_V1.2,sum same-voltage transformer capacities by anonymized station key,real_2021_2025,validated_equipment_scope,563180da9b4fd16012c14ddb974e76ce1f06dfdd8ca13816a2ac529901b91176
QX-00008,110,BDZ-00100,130,2,year_end_2025,SRC02:主变1+SRC03:设备明细,电网建模数据_Agent整合版_V1.2,sum same-voltage transformer capacities by anonymized station key,real_2021_2025,validated_equipment_scope,563180da9b4fd16012c14ddb974e76ce1f06dfdd8ca13816a2ac529901b91176
QX-00008,110,BDZ-00104,81.5,2,year_end_2025,SRC02:主变1+SRC03:设备明细,电网建模数据_Agent整合版_V1.2,sum same-voltage transformer capacities by anonymized station key,real_2021_2025,validated_equipment_scope,563180da9b4fd16012c14ddb974e76ce1f06dfdd8ca13816a2ac529901b91176
QX-00008,110,BDZ-00107,100,2,year_end_2025,SRC02:主变1+SRC03:设备明细,电网建模数据_Agent整合版_V1.2,sum same-voltage transformer capacities by anonymized station key,real_2021_2025,validated_equipment_scope,563180da9b4fd16012c14ddb974e76ce1f06dfdd8ca13816a2ac529901b91176
QX-00008,110,BDZ-00121,90,2,year_end_2025,SRC02:主变1+SRC03:设备明细,电网建模数据_Agent整合版_V1.2,sum same-voltage transformer capacities by anonymized station key,real_2021_2025,validated_equipment_scope,563180da9b4fd16012c14ddb974e76ce1f06dfdd8ca13816a2ac529901b91176
QX-00008,110,BDZ-00125,160,2,year_end_2025,SRC02:主变1+SRC03:设备明细,电网建模数据_Agent整合版_V1.2,sum same-voltage transformer capacities by anonymized station key,real_2021_2025,validated_equipment_scope,563180da9b4fd16012c14ddb974e76ce1f06dfdd8ca13816a2ac529901b91176
QX-00008,110,BDZ-00138,100,2,year_end_2025,SRC02:主变1+SRC03:设备明细,电网建模数据_Agent整合版_V1.2,sum same-voltage transformer capacities by anonymized station key,real_2021_2025,validated_equipment_scope,563180da9b4fd16012c14ddb974e76ce1f06dfdd8ca13816a2ac529901b91176
QX-00008,110,BDZ-00166,100,2,year_end_2025,SRC02:主变1+SRC03:设备明细,电网建模数据_Agent整合版_V1.2,sum same-voltage transformer capacities by anonymized station key,real_2021_2025,validated_equipment_scope,563180da9b4fd16012c14ddb974e76ce1f06dfdd8ca13816a2ac529901b91176
QX-00008,110,BDZ-00170,70,2,year_end_2025,SRC02:主变1+SRC03:设备明细,电网建模数据_Agent整合版_V1.2,sum same-voltage transformer capacities by anonymized station key,real_2021_2025,validated_equipment_scope,563180da9b4fd16012c14ddb974e76ce1f06dfdd8ca13816a2ac529901b91176
QX-00009,35,BDZ-00253,40,2,year_end_2025,SRC02:主变1+SRC03:设备明细,电网建模数据_Agent整合版_V1.2,sum same-voltage transformer capacities by anonymized station key,real_2021_2025,validated_equipment_scope,563180da9b4fd16012c14ddb974e76ce1f06dfdd8ca13816a2ac529901b91176
QX-00009,35,BDZ-00259,40,2,year_end_2025,SRC02:主变1+SRC03:设备明细,电网建模数据_Agent整合版_V1.2,sum same-voltage transformer capacities by anonymized station key,real_2021_2025,validated_equipment_scope,563180da9b4fd16012c14ddb974e76ce1f06dfdd8ca13816a2ac529901b91176
QX-00009,35,BDZ-00266,40,2,year_end_2025,SRC02:主变1+SRC03:设备明细,电网建模数据_Agent整合版_V1.2,sum same-voltage transformer capacities by anonymized station key,real_2021_2025,validated_equipment_scope,563180da9b4fd16012c14ddb974e76ce1f06dfdd8ca13816a2ac529901b91176
QX-00009,35,BDZ-00277,40,2,year_end_2025,SRC02:主变1+SRC03:设备明细,电网建模数据_Agent整合版_V1.2,sum same-voltage transformer capacities by anonymized station key,real_2021_2025,validated_equipment_scope,563180da9b4fd16012c14ddb974e76ce1f06dfdd8ca13816a2ac529901b91176
QX-00009,35,BDZ-00281,14.3,2,year_end_2025,SRC02:主变1+SRC03:设备明细,电网建模数据_Agent整合版_V1.2,sum same-voltage transformer capacities by anonymized station key,real_2021_2025,validated_equipment_scope,563180da9b4fd16012c14ddb974e76ce1f06dfdd8ca13816a2ac529901b91176
QX-00009,35,BDZ-00284,30,2,year_end_2025,SRC02:主变1+SRC03:设备明细,电网建模数据_Agent整合版_V1.2,sum same-voltage transformer capacities by anonymized station key,real_2021_2025,validated_equipment_scope,563180da9b4fd16012c14ddb974e76ce1f06dfdd8ca13816a2ac529901b91176
QX-00009,35,BDZ-00303,40,2,year_end_2025,SRC02:主变1+SRC03:设备明细,电网建模数据_Agent整合版_V1.2,sum same-voltage transformer capacities by anonymized station key,real_2021_2025,validated_equipment_scope,563180da9b4fd16012c14ddb974e76ce1f06dfdd8ca13816a2ac529901b91176
QX-00009,35,BDZ-00310,30,2,year_end_2025,SRC02:主变1+SRC03:设备明细,电网建模数据_Agent整合版_V1.2,sum same-voltage transformer capacities by anonymized station key,real_2021_2025,validated_equipment_scope,563180da9b4fd16012c14ddb974e76ce1f06dfdd8ca13816a2ac529901b91176
QX-00009,110,BDZ-00014,100,2,year_end_2025,SRC02:主变1+SRC03:设备明细,电网建模数据_Agent整合版_V1.2,sum same-voltage transformer capacities by anonymized station key,real_2021_2025,validated_equipment_scope,563180da9b4fd16012c14ddb974e76ce1f06dfdd8ca13816a2ac529901b91176
QX-00009,110,BDZ-00020,113,2,year_end_2025,SRC02:主变1+SRC03:设备明细,电网建模数据_Agent整合版_V1.2,sum same-voltage transformer capacities by anonymized station key,real_2021_2025,validated_equipment_scope,563180da9b4fd16012c14ddb974e76ce1f06dfdd8ca13816a2ac529901b91176
QX-00009,110,BDZ-00040,126,2,year_end_2025,SRC02:主变1+SRC03:设备明细,电网建模数据_Agent整合版_V1.2,sum same-voltage transformer capacities by anonymized station key,real_2021_2025,validated_equipment_scope,563180da9b4fd16012c14ddb974e76ce1f06dfdd8ca13816a2ac529901b91176
QX-00009,110,BDZ-00055,81.5,2,year_end_2025,SRC02:主变1+SRC03:设备明细,电网建模数据_Agent整合版_V1.2,sum same-voltage transformer capacities by anonymized station key,real_2021_2025,validated_equipment_scope,563180da9b4fd16012c14ddb974e76ce1f06dfdd8ca13816a2ac529901b91176
QX-00009,110,BDZ-00057,150,2,year_end_2025,SRC02:主变1+SRC03:设备明细,电网建模数据_Agent整合版_V1.2,sum same-voltage transformer capacities by anonymized station key,real_2021_2025,validated_equipment_scope,563180da9b4fd16012c14ddb974e76ce1f06dfdd8ca13816a2ac529901b91176
QX-00009,110,BDZ-00068,100,2,year_end_2025,SRC02:主变1+SRC03:设备明细,电网建模数据_Agent整合版_V1.2,sum same-voltage transformer capacities by anonymized station key,real_2021_2025,validated_equipment_scope,563180da9b4fd16012c14ddb974e76ce1f06dfdd8ca13816a2ac529901b91176
QX-00009,110,BDZ-00069,113,2,year_end_2025,SRC02:主变1+SRC03:设备明细,电网建模数据_Agent整合版_V1.2,sum same-voltage transformer capacities by anonymized station key,real_2021_2025,validated_equipment_scope,563180da9b4fd16012c14ddb974e76ce1f06dfdd8ca13816a2ac529901b91176
QX-00009,110,BDZ-00077,100,2,year_end_2025,SRC02:主变1+SRC03:设备明细,电网建模数据_Agent整合版_V1.2,sum same-voltage transformer capacities by anonymized station key,real_2021_2025,validated_equipment_scope,563180da9b4fd16012c14ddb974e76ce1f06dfdd8ca13816a2ac529901b91176
QX-00009,110,BDZ-00084,63,2,year_end_2025,SRC02:主变1+SRC03:设备明细,电网建模数据_Agent整合版_V1.2,sum same-voltage transformer capacities by anonymized station key,real_2021_2025,validated_equipment_scope,563180da9b4fd16012c14ddb974e76ce1f06dfdd8ca13816a2ac529901b91176
QX-00009,110,BDZ-00086,100,2,year_end_2025,SRC02:主变1+SRC03:设备明细,电网建模数据_Agent整合版_V1.2,sum same-voltage transformer capacities by anonymized station key,real_2021_2025,validated_equipment_scope,563180da9b4fd16012c14ddb974e76ce1f06dfdd8ca13816a2ac529901b91176
QX-00009,110,BDZ-00087,63,2,year_end_2025,SRC02:主变1+SRC03:设备明细,电网建模数据_Agent整合版_V1.2,sum same-voltage transformer capacities by anonymized station key,real_2021_2025,validated_equipment_scope,563180da9b4fd16012c14ddb974e76ce1f06dfdd8ca13816a2ac529901b91176
QX-00009,110,BDZ-00091,113,2,year_end_2025,SRC02:主变1+SRC03:设备明细,电网建模数据_Agent整合版_V1.2,sum same-voltage transformer capacities by anonymized station key,real_2021_2025,validated_equipment_scope,563180da9b4fd16012c14ddb974e76ce1f06dfdd8ca13816a2ac529901b91176
QX-00009,110,BDZ-00127,100,2,year_end_2025,SRC02:主变1+SRC03:设备明细,电网建模数据_Agent整合版_V1.2,sum same-voltage transformer capacities by anonymized station key,real_2021_2025,validated_equipment_scope,563180da9b4fd16012c14ddb974e76ce1f06dfdd8ca13816a2ac529901b91176
QX-00009,110,BDZ-00128,100,2,year_end_2025,SRC02:主变1+SRC03:设备明细,电网建模数据_Agent整合版_V1.2,sum same-voltage transformer capacities by anonymized station key,real_2021_2025,validated_equipment_scope,563180da9b4fd16012c14ddb974e76ce1f06dfdd8ca13816a2ac529901b91176
QX-00009,110,BDZ-00129,80,2,year_end_2025,SRC02:主变1+SRC03:设备明细,电网建模数据_Agent整合版_V1.2,sum same-voltage transformer capacities by anonymized station key,real_2021_2025,validated_equipment_scope,563180da9b4fd16012c14ddb974e76ce1f06dfdd8ca13816a2ac529901b91176
QX-00009,110,BDZ-00134,81.5,2,year_end_2025,SRC02:主变1+SRC03:设备明细,电网建模数据_Agent整合版_V1.2,sum same-voltage transformer capacities by anonymized station key,real_2021_2025,validated_equipment_scope,563180da9b4fd16012c14ddb974e76ce1f06dfdd8ca13816a2ac529901b91176
QX-00009,110,BDZ-00150,100,2,year_end_2025,SRC02:主变1+SRC03:设备明细,电网建模数据_Agent整合版_V1.2,sum same-voltage transformer capacities by anonymized station key,real_2021_2025,validated_equipment_scope,563180da9b4fd16012c14ddb974e76ce1f06dfdd8ca13816a2ac529901b91176
QX-00009,110,BDZ-00159,40,2,year_end_2025,SRC02:主变1+SRC03:设备明细,电网建模数据_Agent整合版_V1.2,sum same-voltage transformer capacities by anonymized station key,real_2021_2025,validated_equipment_scope,563180da9b4fd16012c14ddb974e76ce1f06dfdd8ca13816a2ac529901b91176
QX-00009,110,BDZ-00176,113,2,year_end_2025,SRC02:主变1+SRC03:设备明细,电网建模数据_Agent整合版_V1.2,sum same-voltage transformer capacities by anonymized station key,real_2021_2025,validated_equipment_scope,563180da9b4fd16012c14ddb974e76ce1f06dfdd8ca13816a2ac529901b91176
QX-00009,110,BDZ-00178,100,2,year_end_2025,SRC02:主变1+SRC03:设备明细,电网建模数据_Agent整合版_V1.2,sum same-voltage transformer capacities by anonymized station key,real_2021_2025,validated_equipment_scope,563180da9b4fd16012c14ddb974e76ce1f06dfdd8ca13816a2ac529901b91176
QX-00009,110,BDZ-00180,40,2,year_end_2025,SRC02:主变1+SRC03:设备明细,电网建模数据_Agent整合版_V1.2,sum same-voltage transformer capacities by anonymized station key,real_2021_2025,validated_equipment_scope,563180da9b4fd16012c14ddb974e76ce1f06dfdd8ca13816a2ac529901b91176
QX-00010,35,BDZ-00245,36,2,year_end_2025,SRC02:主变1+SRC03:设备明细,电网建模数据_Agent整合版_V1.2,sum same-voltage transformer capacities by anonymized station key,real_2021_2025,validated_equipment_scope,563180da9b4fd16012c14ddb974e76ce1f06dfdd8ca13816a2ac529901b91176
QX-00010,35,BDZ-00260,36,2,year_end_2025,SRC02:主变1+SRC03:设备明细,电网建模数据_Agent整合版_V1.2,sum same-voltage transformer capacities by anonymized station key,real_2021_2025,validated_equipment_scope,563180da9b4fd16012c14ddb974e76ce1f06dfdd8ca13816a2ac529901b91176
QX-00010,35,BDZ-00295,30,2,year_end_2025,SRC02:主变1+SRC03:设备明细,电网建模数据_Agent整合版_V1.2,sum same-voltage transformer capacities by anonymized station key,real_2021_2025,validated_equipment_scope,563180da9b4fd16012c14ddb974e76ce1f06dfdd8ca13816a2ac529901b91176
QX-00010,35,BDZ-00304,10,2,year_end_2025,SRC02:主变1+SRC03:设备明细,电网建模数据_Agent整合版_V1.2,sum same-voltage transformer capacities by anonymized station key,real_2021_2025,validated_equipment_scope,563180da9b4fd16012c14ddb974e76ce1f06dfdd8ca13816a2ac529901b91176
QX-00010,35,BDZ-00306,40,2,year_end_2025,SRC02:主变1+SRC03:设备明细,电网建模数据_Agent整合版_V1.2,sum same-voltage transformer capacities by anonymized station key,real_2021_2025,validated_equipment_scope,563180da9b4fd16012c14ddb974e76ce1f06dfdd8ca13816a2ac529901b91176
QX-00010,35,BDZ-00307,40,2,year_end_2025,SRC02:主变1+SRC03:设备明细,电网建模数据_Agent整合版_V1.2,sum same-voltage transformer capacities by anonymized station key,real_2021_2025,validated_equipment_scope,563180da9b4fd16012c14ddb974e76ce1f06dfdd8ca13816a2ac529901b91176
QX-00010,110,BDZ-00009,81.5,2,year_end_2025,SRC02:主变1+SRC03:设备明细,电网建模数据_Agent整合版_V1.2,sum same-voltage transformer capacities by anonymized station key,real_2021_2025,validated_equipment_scope,563180da9b4fd16012c14ddb974e76ce1f06dfdd8ca13816a2ac529901b91176
QX-00010,110,BDZ-00011,100,2,year_end_2025,SRC02:主变1+SRC03:设备明细,电网建模数据_Agent整合版_V1.2,sum same-voltage transformer capacities by anonymized station key,real_2021_2025,validated_equipment_scope,563180da9b4fd16012c14ddb974e76ce1f06dfdd8ca13816a2ac529901b91176
QX-00010,110,BDZ-00035,70,2,year_end_2025,SRC02:主变1+SRC03:设备明细,电网建模数据_Agent整合版_V1.2,sum same-voltage transformer capacities by anonymized station key,real_2021_2025,validated_equipment_scope,563180da9b4fd16012c14ddb974e76ce1f06dfdd8ca13816a2ac529901b91176
QX-00010,110,BDZ-00044,100,2,year_end_2025,SRC02:主变1+SRC03:设备明细,电网建模数据_Agent整合版_V1.2,sum same-voltage transformer capacities by anonymized station key,real_2021_2025,validated_equipment_scope,563180da9b4fd16012c14ddb974e76ce1f06dfdd8ca13816a2ac529901b91176
QX-00010,110,BDZ-00049,81.5,2,year_end_2025,SRC02:主变1+SRC03:设备明细,电网建模数据_Agent整合版_V1.2,sum same-voltage transformer capacities by anonymized station key,real_2021_2025,validated_equipment_scope,563180da9b4fd16012c14ddb974e76ce1f06dfdd8ca13816a2ac529901b91176
QX-00010,110,BDZ-00054,113,2,year_end_2025,SRC02:主变1+SRC03:设备明细,电网建模数据_Agent整合版_V1.2,sum same-voltage transformer capacities by anonymized station key,real_2021_2025,validated_equipment_scope,563180da9b4fd16012c14ddb974e76ce1f06dfdd8ca13816a2ac529901b91176
QX-00010,110,BDZ-00089,143,2,year_end_2025,SRC02:主变1+SRC03:设备明细,电网建模数据_Agent整合版_V1.2,sum same-voltage transformer capacities by anonymized station key,real_2021_2025,validated_equipment_scope,563180da9b4fd16012c14ddb974e76ce1f06dfdd8ca13816a2ac529901b91176
QX-00010,110,BDZ-00090,100,2,year_end_2025,SRC02:主变1+SRC03:设备明细,电网建模数据_Agent整合版_V1.2,sum same-voltage transformer capacities by anonymized station key,real_2021_2025,validated_equipment_scope,563180da9b4fd16012c14ddb974e76ce1f06dfdd8ca13816a2ac529901b91176
QX-00010,110,BDZ-00097,100,2,year_end_2025,SRC02:主变1+SRC03:设备明细,电网建模数据_Agent整合版_V1.2,sum same-voltage transformer capacities by anonymized station key,real_2021_2025,validated_equipment_scope,563180da9b4fd16012c14ddb974e76ce1f06dfdd8ca13816a2ac529901b91176
QX-00010,110,BDZ-00099,113,2,year_end_2025,SRC02:主变1+SRC03:设备明细,电网建模数据_Agent整合版_V1.2,sum same-voltage transformer capacities by anonymized station key,real_2021_2025,validated_equipment_scope,563180da9b4fd16012c14ddb974e76ce1f06dfdd8ca13816a2ac529901b91176
QX-00010,110,BDZ-00108,100,2,year_end_2025,SRC02:主变1+SRC03:设备明细,电网建模数据_Agent整合版_V1.2,sum same-voltage transformer capacities by anonymized station key,real_2021_2025,validated_equipment_scope,563180da9b4fd16012c14ddb974e76ce1f06dfdd8ca13816a2ac529901b91176
QX-00010,110,BDZ-00109,100,2,year_end_2025,SRC02:主变1+SRC03:设备明细,电网建模数据_Agent整合版_V1.2,sum same-voltage transformer capacities by anonymized station key,real_2021_2025,validated_equipment_scope,563180da9b4fd16012c14ddb974e76ce1f06dfdd8ca13816a2ac529901b91176
QX-00010,110,BDZ-00113,81.5,2,year_end_2025,SRC02:主变1+SRC03:设备明细,电网建模数据_Agent整合版_V1.2,sum same-voltage transformer capacities by anonymized station key,real_2021_2025,validated_equipment_scope,563180da9b4fd16012c14ddb974e76ce1f06dfdd8ca13816a2ac529901b91176
QX-00010,110,BDZ-00120,40,2,year_end_2025,SRC02:主变1+SRC03:设备明细,电网建模数据_Agent整合版_V1.2,sum same-voltage transformer capacities by anonymized station key,real_2021_2025,validated_equipment_scope,563180da9b4fd16012c14ddb974e76ce1f06dfdd8ca13816a2ac529901b91176
QX-00010,110,BDZ-00122,100,2,year_end_2025,SRC02:主变1+SRC03:设备明细,电网建模数据_Agent整合版_V1.2,sum same-voltage transformer capacities by anonymized station key,real_2021_2025,validated_equipment_scope,563180da9b4fd16012c14ddb974e76ce1f06dfdd8ca13816a2ac529901b91176
QX-00010,110,BDZ-00133,113,2,year_end_2025,SRC02:主变1+SRC03:设备明细,电网建模数据_Agent整合版_V1.2,sum same-voltage transformer capacities by anonymized station key,real_2021_2025,validated_equipment_scope,563180da9b4fd16012c14ddb974e76ce1f06dfdd8ca13816a2ac529901b91176
QX-00010,110,BDZ-00145,70,2,year_end_2025,SRC02:主变1+SRC03:设备明细,电网建模数据_Agent整合版_V1.2,sum same-voltage transformer capacities by anonymized station key,real_2021_2025,validated_equipment_scope,563180da9b4fd16012c14ddb974e76ce1f06dfdd8ca13816a2ac529901b91176
QX-00010,110,BDZ-00160,100,2,year_end_2025,SRC02:主变1+SRC03:设备明细,电网建模数据_Agent整合版_V1.2,sum same-voltage transformer capacities by anonymized station key,real_2021_2025,validated_equipment_scope,563180da9b4fd16012c14ddb974e76ce1f06dfdd8ca13816a2ac529901b91176
QX-00010,110,BDZ-00161,0,0,year_end_2025,SRC01:变电站1+SRC03:设备明细,电网建模数据_Agent整合版_V1.2,retain station index absent from SRC02 with zero in-service transformer capacity,real_2021_2025,no_in_service_transformer_candidate_station,563180da9b4fd16012c14ddb974e76ce1f06dfdd8ca13816a2ac529901b91176
QX-00010,110,BDZ-00179,143,2,year_end_2025,SRC02:主变1+SRC03:设备明细,电网建模数据_Agent整合版_V1.2,sum same-voltage transformer capacities by anonymized station key,real_2021_2025,validated_equipment_scope,563180da9b4fd16012c14ddb974e76ce1f06dfdd8ca13816a2ac529901b91176
QX-00010,110,BDZ-00185,143,2,year_end_2025,SRC02:主变1+SRC03:设备明细,电网建模数据_Agent整合版_V1.2,sum same-voltage transformer capacities by anonymized station key,real_2021_2025,validated_equipment_scope,563180da9b4fd16012c14ddb974e76ce1f06dfdd8ca13816a2ac529901b91176
