region_id,voltage_kv,station_id,src01_capacity_mva,annual_max_net_load_mw,annual_max_timestamp,annual_min_net_load_mw,annual_min_timestamp,net_load_interpretation,asset_scope_id,source_row,source_ref,source_version,transformation,scenario_id,quality_flag,source_sha256
QX-00001,35,BDZ-00249,40,29.42,2025-01-28 21:50:00,-24.46,2025-05-03 12:15:00,net_load_no_pv_resubtraction,operating_2025,246,SRC01:变电站1,电网建模数据_Agent整合版_V1.2,select 2025 signed station annual extrema; do not sum extrema as synchronous county peak,real_2025,source_value,563180da9b4fd16012c14ddb974e76ce1f06dfdd8ca13816a2ac529901b91176
QX-00001,35,BDZ-00252,40,23.54,2025-07-05 21:55:00,-8.56,2025-05-03 12:55:00,net_load_no_pv_resubtraction,operating_2025,252,SRC01:变电站1,电网建模数据_Agent整合版_V1.2,select 2025 signed station annual extrema; do not sum extrema as synchronous county peak,real_2025,source_value,563180da9b4fd16012c14ddb974e76ce1f06dfdd8ca13816a2ac529901b91176
QX-00001,35,BDZ-00261,20.5,11.4,2025-01-28 21:10:00,-9.46,2025-05-03 12:50:00,net_load_no_pv_resubtraction,operating_2025,249,SRC01:变电站1,电网建模数据_Agent整合版_V1.2,select 2025 signed station annual extrema; do not sum extrema as synchronous county peak,real_2025,source_value,563180da9b4fd16012c14ddb974e76ce1f06dfdd8ca13816a2ac529901b91176
QX-00001,35,BDZ-00275,40,8.58,2025-08-29 22:55:00,0,2025-12-25 23:55:00,net_load_no_pv_resubtraction,operating_2025,253,SRC01:变电站1,电网建模数据_Agent整合版_V1.2,select 2025 signed station annual extrema; do not sum extrema as synchronous county peak,real_2025,source_value,563180da9b4fd16012c14ddb974e76ce1f06dfdd8ca13816a2ac529901b91176
QX-00001,35,BDZ-00279,30,11.82,2025-01-28 21:50:00,-14.52,2025-05-16 12:40:00,net_load_no_pv_resubtraction,operating_2025,247,SRC01:变电站1,电网建模数据_Agent整合版_V1.2,select 2025 signed station annual extrema; do not sum extrema as synchronous county peak,real_2025,source_value,563180da9b4fd16012c14ddb974e76ce1f06dfdd8ca13816a2ac529901b91176
QX-00001,35,BDZ-00298,30,11.82,2025-01-28 21:50:00,-14.52,2025-05-16 12:40:00,net_load_no_pv_resubtraction,operating_2025,248,SRC01:变电站1,电网建模数据_Agent整合版_V1.2,select 2025 signed station annual extrema; do not sum extrema as synchronous county peak,real_2025,source_value,563180da9b4fd16012c14ddb974e76ce1f06dfdd8ca13816a2ac529901b91176
QX-00001,35,BDZ-00299,36,15.42,2025-03-04 09:05:00,-7.74,2025-05-01 11:35:00,net_load_no_pv_resubtraction,operating_2025,251,SRC01:变电站1,电网建模数据_Agent整合版_V1.2,select 2025 signed station annual extrema; do not sum extrema as synchronous county peak,real_2025,source_value,563180da9b4fd16012c14ddb974e76ce1f06dfdd8ca13816a2ac529901b91176
QX-00001,35,BDZ-00321,40,10.46,2025-08-29 22:55:00,-15.37,2025-08-29 10:40:00,net_load_no_pv_resubtraction,operating_2025,250,SRC01:变电站1,电网建模数据_Agent整合版_V1.2,select 2025 signed station annual extrema; do not sum extrema as synchronous county peak,real_2025,source_value,563180da9b4fd16012c14ddb974e76ce1f06dfdd8ca13816a2ac529901b91176
QX-00001,110,BDZ-00015,100,20.53,2025-08-21 20:27:00,-4.93,2025-04-18 12:03:00,net_load_no_pv_resubtraction,operating_2025,166,SRC01:变电站1,电网建模数据_Agent整合版_V1.2,select 2025 signed station annual extrema; do not sum extrema as synchronous county peak,real_2025,source_value,563180da9b4fd16012c14ddb974e76ce1f06dfdd8ca13816a2ac529901b91176
QX-00001,110,BDZ-00033,90,67.23,2025-07-04 22:17:00,-13.79,2025-05-03 12:25:00,net_load_no_pv_resubtraction,operating_2025,170,SRC01:变电站1,电网建模数据_Agent整合版_V1.2,select 2025 signed station annual extrema; do not sum extrema as synchronous county peak,real_2025,source_value,563180da9b4fd16012c14ddb974e76ce1f06dfdd8ca13816a2ac529901b91176
QX-00001,110,BDZ-00034,100,38.96,2025-08-06 09:40:00,-23.06,2025-09-21 11:40:00,net_load_no_pv_resubtraction,operating_2025,129,SRC01:变电站1,电网建模数据_Agent整合版_V1.2,select 2025 signed station annual extrema; do not sum extrema as synchronous county peak,real_2025,source_value,563180da9b4fd16012c14ddb974e76ce1f06dfdd8ca13816a2ac529901b91176
QX-00001,110,BDZ-00046,130,98.92,2025-07-24 12:30:00,13.41,2025-04-15 03:45:00,net_load_no_pv_resubtraction,operating_2025,133,SRC01:变电站1,电网建模数据_Agent整合版_V1.2,select 2025 signed station annual extrema; do not sum extrema as synchronous county peak,real_2025,source_value,563180da9b4fd16012c14ddb974e76ce1f06dfdd8ca13816a2ac529901b91176
QX-00001,110,BDZ-00058,70,35.08,2025-01-28 21:32:00,-25.08,2025-03-18 12:26:00,net_load_no_pv_resubtraction,operating_2025,174,SRC01:变电站1,电网建模数据_Agent整合版_V1.2,select 2025 signed station annual extrema; do not sum extrema as synchronous county peak,real_2025,source_value,563180da9b4fd16012c14ddb974e76ce1f06dfdd8ca13816a2ac529901b91176
QX-00001,110,BDZ-00072,71.5,48.91,2025-01-28 21:35:00,-7.08,2025-10-21 13:05:00,net_load_no_pv_resubtraction,operating_2025,132,SRC01:变电站1,电网建模数据_Agent整合版_V1.2,select 2025 signed station annual extrema; do not sum extrema as synchronous county peak,real_2025,source_value,563180da9b4fd16012c14ddb974e76ce1f06dfdd8ca13816a2ac529901b91176
QX-00001,110,BDZ-00105,111.5,63.35,2025-11-07 09:45:00,-31.14,2025-11-20 12:05:00,net_load_no_pv_resubtraction,operating_2025,131,SRC01:变电站1,电网建模数据_Agent整合版_V1.2,select 2025 signed station annual extrema; do not sum extrema as synchronous county peak,real_2025,source_value,563180da9b4fd16012c14ddb974e76ce1f06dfdd8ca13816a2ac529901b91176
QX-00001,110,BDZ-00116,100,29.74,2025-12-22 09:15:00,-48.09,2025-08-01 12:10:00,net_load_no_pv_resubtraction,operating_2025,125,SRC01:变电站1,电网建模数据_Agent整合版_V1.2,select 2025 signed station annual extrema; do not sum extrema as synchronous county peak,real_2025,source_value,563180da9b4fd16012c14ddb974e76ce1f06dfdd8ca13816a2ac529901b91176
QX-00001,110,BDZ-00117,63,25,2025-01-28 21:15:00,-19.7,2025-11-01 11:40:00,net_load_no_pv_resubtraction,operating_2025,127,SRC01:变电站1,电网建模数据_Agent整合版_V1.2,select 2025 signed station annual extrema; do not sum extrema as synchronous county peak,real_2025,source_value,563180da9b4fd16012c14ddb974e76ce1f06dfdd8ca13816a2ac529901b91176
QX-00001,110,BDZ-00123,113,38.74,2025-01-28 21:30:00,-21.78,2025-03-16 11:55:00,net_load_no_pv_resubtraction,operating_2025,130,SRC01:变电站1,电网建模数据_Agent整合版_V1.2,select 2025 signed station annual extrema; do not sum extrema as synchronous county peak,real_2025,source_value,563180da9b4fd16012c14ddb974e76ce1f06dfdd8ca13816a2ac529901b91176
QX-00001,110,BDZ-00126,113,62.02,2025-01-28 21:55:00,-43.97,2025-05-17 12:25:00,net_load_no_pv_resubtraction,operating_2025,126,SRC01:变电站1,电网建模数据_Agent整合版_V1.2,select 2025 signed station annual extrema; do not sum extrema as synchronous county peak,real_2025,source_value,563180da9b4fd16012c14ddb974e76ce1f06dfdd8ca13816a2ac529901b91176
QX-00001,110,BDZ-00132,100,19.51,2025-08-21 20:55:00,-0.33,2025-09-25 12:52:00,net_load_no_pv_resubtraction,operating_2025,193,SRC01:变电站1,电网建模数据_Agent整合版_V1.2,select 2025 signed station annual extrema; do not sum extrema as synchronous county peak,real_2025,source_value,563180da9b4fd16012c14ddb974e76ce1f06dfdd8ca13816a2ac529901b91176
QX-00001,110,BDZ-00165,100,60.44,2025-07-25 00:04:00,-4.12,2025-04-25 12:49:00,net_load_no_pv_resubtraction,operating_2025,206,SRC01:变电站1,电网建模数据_Agent整合版_V1.2,select 2025 signed station annual extrema; do not sum extrema as synchronous county peak,real_2025,source_value,563180da9b4fd16012c14ddb974e76ce1f06dfdd8ca13816a2ac529901b91176
QX-00001,110,BDZ-00174,100,70.02,2025-04-01 16:25:00,-23.61,2025-05-01 11:55:00,net_load_no_pv_resubtraction,operating_2025,128,SRC01:变电站1,电网建模数据_Agent整合版_V1.2,select 2025 signed station annual extrema; do not sum extrema as synchronous county peak,real_2025,source_value,563180da9b4fd16012c14ddb974e76ce1f06dfdd8ca13816a2ac529901b91176
QX-00001,110,BDZ-00177,63,7.26,2025-12-17 16:10:00,-5.27,2025-05-03 13:00:00,net_load_no_pv_resubtraction,operating_2025,210,SRC01:变电站1,电网建模数据_Agent整合版_V1.2,select 2025 signed station annual extrema; do not sum extrema as synchronous county peak,real_2025,source_value,563180da9b4fd16012c14ddb974e76ce1f06dfdd8ca13816a2ac529901b91176
QX-00003,35,BDZ-00254,30,4.62,2025-08-29 22:55:00,0.2,2025-09-20 12:55:00,net_load_no_pv_resubtraction,operating_2025,221,SRC01:变电站1,电网建模数据_Agent整合版_V1.2,select 2025 signed station annual extrema; do not sum extrema as synchronous county peak,real_2025,source_value,563180da9b4fd16012c14ddb974e76ce1f06dfdd8ca13816a2ac529901b91176
QX-00003,35,BDZ-00258,40,22.1,2025-07-05 21:20:00,-14,2025-04-12 12:50:00,net_load_no_pv_resubtraction,operating_2025,216,SRC01:变电站1,电网建模数据_Agent整合版_V1.2,select 2025 signed station annual extrema; do not sum extrema as synchronous county peak,real_2025,source_value,563180da9b4fd16012c14ddb974e76ce1f06dfdd8ca13816a2ac529901b91176
QX-00003,35,BDZ-00267,16,5.7,2025-07-05 22:20:00,-1.9,2025-11-02 08:20:00,net_load_no_pv_resubtraction,operating_2025,222,SRC01:变电站1,电网建模数据_Agent整合版_V1.2,select 2025 signed station annual extrema; do not sum extrema as synchronous county peak,real_2025,source_value,563180da9b4fd16012c14ddb974e76ce1f06dfdd8ca13816a2ac529901b91176
QX-00003,35,BDZ-00268,36,11.82,2025-07-05 22:25:00,-17.4,2025-09-21 11:05:00,net_load_no_pv_resubtraction,operating_2025,215,SRC01:变电站1,电网建模数据_Agent整合版_V1.2,select 2025 signed station annual extrema; do not sum extrema as synchronous county peak,real_2025,source_value,563180da9b4fd16012c14ddb974e76ce1f06dfdd8ca13816a2ac529901b91176
QX-00003,35,BDZ-00282,16,3.62,2025-02-19 07:15:00,-3.17,2025-05-26 12:40:00,net_load_no_pv_resubtraction,operating_2025,218,SRC01:变电站1,电网建模数据_Agent整合版_V1.2,select 2025 signed station annual extrema; do not sum extrema as synchronous county peak,real_2025,source_value,563180da9b4fd16012c14ddb974e76ce1f06dfdd8ca13816a2ac529901b91176
QX-00003,35,BDZ-00286,24,7.65,2025-07-22 22:05:00,-4.11,2025-05-14 12:35:00,net_load_no_pv_resubtraction,operating_2025,219,SRC01:变电站1,电网建模数据_Agent整合版_V1.2,select 2025 signed station annual extrema; do not sum extrema as synchronous county peak,real_2025,source_value,563180da9b4fd16012c14ddb974e76ce1f06dfdd8ca13816a2ac529901b91176
QX-00003,35,BDZ-00294,15,10.65,2025-12-13 11:25:00,-9.47,2025-05-03 12:15:00,net_load_no_pv_resubtraction,operating_2025,214,SRC01:变电站1,电网建模数据_Agent整合版_V1.2,select 2025 signed station annual extrema; do not sum extrema as synchronous county peak,real_2025,source_value,563180da9b4fd16012c14ddb974e76ce1f06dfdd8ca13816a2ac529901b91176
QX-00003,35,BDZ-00302,40,21.91,2025-07-03 22:10:00,-8.89,2025-03-13 13:15:00,net_load_no_pv_resubtraction,operating_2025,217,SRC01:变电站1,电网建模数据_Agent整合版_V1.2,select 2025 signed station annual extrema; do not sum extrema as synchronous county peak,real_2025,source_value,563180da9b4fd16012c14ddb974e76ce1f06dfdd8ca13816a2ac529901b91176
QX-00003,35,BDZ-00305,45,27.59,2025-07-09 01:10:00,-10.8,2025-08-11 12:05:00,net_load_no_pv_resubtraction,operating_2025,220,SRC01:变电站1,电网建模数据_Agent整合版_V1.2,select 2025 signed station annual extrema; do not sum extrema as synchronous county peak,real_2025,source_value,563180da9b4fd16012c14ddb974e76ce1f06dfdd8ca13816a2ac529901b91176
QX-00003,35,BDZ-00311,40,22.52,2025-08-21 12:20:00,2.28,2025-05-03 12:25:00,net_load_no_pv_resubtraction,operating_2025,223,SRC01:变电站1,电网建模数据_Agent整合版_V1.2,select 2025 signed station annual extrema; do not sum extrema as synchronous county peak,real_2025,source_value,563180da9b4fd16012c14ddb974e76ce1f06dfdd8ca13816a2ac529901b91176
QX-00003,110,BDZ-00007,81.5,43.38,2025-07-03 20:45:00,-39.38,2025-04-12 12:50:00,net_load_no_pv_resubtraction,operating_2025,162,SRC01:变电站1,电网建模数据_Agent整合版_V1.2,select 2025 signed station annual extrema; do not sum extrema as synchronous county peak,real_2025,source_value,563180da9b4fd16012c14ddb974e76ce1f06dfdd8ca13816a2ac529901b91176
QX-00003,110,BDZ-00010,100,29.94,2025-09-23 15:19:00,-24.32,2025-06-02 12:25:00,net_load_no_pv_resubtraction,operating_2025,164,SRC01:变电站1,电网建模数据_Agent整合版_V1.2,select 2025 signed station annual extrema; do not sum extrema as synchronous county peak,real_2025,source_value,563180da9b4fd16012c14ddb974e76ce1f06dfdd8ca13816a2ac529901b91176
QX-00003,110,BDZ-00017,100,35.82,2025-01-03 07:25:00,-4.24,2025-05-03 12:50:00,net_load_no_pv_resubtraction,operating_2025,80,SRC01:变电站1,电网建模数据_Agent整合版_V1.2,select 2025 signed station annual extrema; do not sum extrema as synchronous county peak,real_2025,source_value,563180da9b4fd16012c14ddb974e76ce1f06dfdd8ca13816a2ac529901b91176
QX-00003,110,BDZ-00019,126,30.6,2025-02-07 18:24:00,-14.7,2025-06-02 12:23:00,net_load_no_pv_resubtraction,operating_2025,83,SRC01:变电站1,电网建模数据_Agent整合版_V1.2,select 2025 signed station annual extrema; do not sum extrema as synchronous county peak,real_2025,source_value,563180da9b4fd16012c14ddb974e76ce1f06dfdd8ca13816a2ac529901b91176
QX-00003,110,BDZ-00025,126,96.51,2025-07-05 21:15:00,-20.8,2025-05-01 12:15:00,net_load_no_pv_resubtraction,operating_2025,79,SRC01:变电站1,电网建模数据_Agent整合版_V1.2,select 2025 signed station annual extrema; do not sum extrema as synchronous county peak,real_2025,source_value,563180da9b4fd16012c14ddb974e76ce1f06dfdd8ca13816a2ac529901b91176
QX-00003,110,BDZ-00060,70,12.72,2025-07-05 20:55:00,-1.67,2025-04-25 12:35:00,net_load_no_pv_resubtraction,operating_2025,81,SRC01:变电站1,电网建模数据_Agent整合版_V1.2,select 2025 signed station annual extrema; do not sum extrema as synchronous county peak,real_2025,source_value,563180da9b4fd16012c14ddb974e76ce1f06dfdd8ca13816a2ac529901b91176
QX-00003,110,BDZ-00101,81.5,22.86,2025-08-22 14:35:00,-28.34,2025-05-01 12:15:00,net_load_no_pv_resubtraction,operating_2025,78,SRC01:变电站1,电网建模数据_Agent整合版_V1.2,select 2025 signed station annual extrema; do not sum extrema as synchronous county peak,real_2025,source_value,563180da9b4fd16012c14ddb974e76ce1f06dfdd8ca13816a2ac529901b91176
QX-00003,110,BDZ-00153,100,27.87,2025-08-21 20:31:00,-17.07,2025-05-03 12:28:00,net_load_no_pv_resubtraction,operating_2025,201,SRC01:变电站1,电网建模数据_Agent整合版_V1.2,select 2025 signed station annual extrema; do not sum extrema as synchronous county peak,real_2025,source_value,563180da9b4fd16012c14ddb974e76ce1f06dfdd8ca13816a2ac529901b91176
QX-00003,110,BDZ-00158,100,40.64,2025-08-21 21:15:00,3.22,2025-04-14 13:20:00,net_load_no_pv_resubtraction,operating_2025,82,SRC01:变电站1,电网建模数据_Agent整合版_V1.2,select 2025 signed station annual extrema; do not sum extrema as synchronous county peak,real_2025,source_value,563180da9b4fd16012c14ddb974e76ce1f06dfdd8ca13816a2ac529901b91176
QX-00003,110,BDZ-00183,100,14.63,2025-08-27 19:56:00,-5.41,2025-10-24 12:24:00,net_load_no_pv_resubtraction,operating_2025,212,SRC01:变电站1,电网建模数据_Agent整合版_V1.2,select 2025 signed station annual extrema; do not sum extrema as synchronous county peak,real_2025,source_value,563180da9b4fd16012c14ddb974e76ce1f06dfdd8ca13816a2ac529901b91176
QX-00004,35,BDZ-00250,40,25.36,2025-07-07 12:55:00,3.55,2025-05-09 02:45:00,net_load_no_pv_resubtraction,operating_2025,261,SRC01:变电站1,电网建模数据_Agent整合版_V1.2,select 2025 signed station annual extrema; do not sum extrema as synchronous county peak,real_2025,source_value,563180da9b4fd16012c14ddb974e76ce1f06dfdd8ca13816a2ac529901b91176
QX-00004,35,BDZ-00262,28,6.46,2025-08-29 22:55:00,-7.64,2025-08-01 12:35:00,net_load_no_pv_resubtraction,operating_2025,259,SRC01:变电站1,电网建模数据_Agent整合版_V1.2,select 2025 signed station annual extrema; do not sum extrema as synchronous county peak,real_2025,source_value,563180da9b4fd16012c14ddb974e76ce1f06dfdd8ca13816a2ac529901b91176
QX-00004,35,BDZ-00263,16,8.45,2025-07-06 20:55:00,-12.57,2025-04-29 13:05:00,net_load_no_pv_resubtraction,operating_2025,254,SRC01:变电站1,电网建模数据_Agent整合版_V1.2,select 2025 signed station annual extrema; do not sum extrema as synchronous county peak,real_2025,source_value,563180da9b4fd16012c14ddb974e76ce1f06dfdd8ca13816a2ac529901b91176
QX-00004,35,BDZ-00265,40,15,2025-07-20 21:30:00,-19.6,2025-09-20 12:25:00,net_load_no_pv_resubtraction,operating_2025,256,SRC01:变电站1,电网建模数据_Agent整合版_V1.2,select 2025 signed station annual extrema; do not sum extrema as synchronous county peak,real_2025,source_value,563180da9b4fd16012c14ddb974e76ce1f06dfdd8ca13816a2ac529901b91176
QX-00004,35,BDZ-00285,26,15.2,2025-01-28 21:30:00,-9.01,2025-09-21 10:55:00,net_load_no_pv_resubtraction,operating_2025,257,SRC01:变电站1,电网建模数据_Agent整合版_V1.2,select 2025 signed station annual extrema; do not sum extrema as synchronous county peak,real_2025,source_value,563180da9b4fd16012c14ddb974e76ce1f06dfdd8ca13816a2ac529901b91176
QX-00004,35,BDZ-00287,30,24.1,2025-09-18 09:45:00,-13.1,2025-01-28 21:15:00,net_load_no_pv_resubtraction,operating_2025,225,SRC01:变电站1,电网建模数据_Agent整合版_V1.2,select 2025 signed station annual extrema; do not sum extrema as synchronous county peak,real_2025,source_value,563180da9b4fd16012c14ddb974e76ce1f06dfdd8ca13816a2ac529901b91176
QX-00004,35,BDZ-00289,16,1.73,2025-08-29 22:55:00,-3.94,2025-02-07 18:15:00,net_load_no_pv_resubtraction,operating_2025,260,SRC01:变电站1,电网建模数据_Agent整合版_V1.2,select 2025 signed station annual extrema; do not sum extrema as synchronous county peak,real_2025,source_value,563180da9b4fd16012c14ddb974e76ce1f06dfdd8ca13816a2ac529901b91176
QX-00004,35,BDZ-00309,36,20.35,2025-08-20 19:55:00,-27.57,2025-05-03 12:25:00,net_load_no_pv_resubtraction,operating_2025,255,SRC01:变电站1,电网建模数据_Agent整合版_V1.2,select 2025 signed station annual extrema; do not sum extrema as synchronous county peak,real_2025,source_value,563180da9b4fd16012c14ddb974e76ce1f06dfdd8ca13816a2ac529901b91176
QX-00004,35,BDZ-00312,18,1.7,2025-07-05 21:25:00,-7.4,2025-04-30 11:05:00,net_load_no_pv_resubtraction,operating_2025,258,SRC01:变电站1,电网建模数据_Agent整合版_V1.2,select 2025 signed station annual extrema; do not sum extrema as synchronous county peak,real_2025,source_value,563180da9b4fd16012c14ddb974e76ce1f06dfdd8ca13816a2ac529901b91176
QX-00004,110,BDZ-00001,100,30.78,2025-12-07 05:50:00,-5.46,2025-01-29 13:35:00,net_load_no_pv_resubtraction,operating_2025,141,SRC01:变电站1,电网建模数据_Agent整合版_V1.2,select 2025 signed station annual extrema; do not sum extrema as synchronous county peak,real_2025,source_value,563180da9b4fd16012c14ddb974e76ce1f06dfdd8ca13816a2ac529901b91176
QX-00004,110,BDZ-00002,100,5,2025-08-04 00:13:00,-10.83,2025-09-21 11:58:00,net_load_no_pv_resubtraction,operating_2025,159,SRC01:变电站1,电网建模数据_Agent整合版_V1.2,select 2025 signed station annual extrema; do not sum extrema as synchronous county peak,real_2025,source_value,563180da9b4fd16012c14ddb974e76ce1f06dfdd8ca13816a2ac529901b91176
QX-00004,110,BDZ-00008,100,38.22,2025-08-21 19:38:00,0.45,2025-06-02 12:37:00,net_load_no_pv_resubtraction,operating_2025,163,SRC01:变电站1,电网建模数据_Agent整合版_V1.2,select 2025 signed station annual extrema; do not sum extrema as synchronous county peak,real_2025,source_value,563180da9b4fd16012c14ddb974e76ce1f06dfdd8ca13816a2ac529901b91176
QX-00004,110,BDZ-00029,100,32.59,2025-07-21 00:40:00,-5.83,2025-09-18 09:50:00,net_load_no_pv_resubtraction,operating_2025,142,SRC01:变电站1,电网建模数据_Agent整合版_V1.2,select 2025 signed station annual extrema; do not sum extrema as synchronous county peak,real_2025,source_value,563180da9b4fd16012c14ddb974e76ce1f06dfdd8ca13816a2ac529901b91176
QX-00004,110,BDZ-00041,100,46.3,2025-07-16 22:14:00,-11.8,2025-05-11 12:05:00,net_load_no_pv_resubtraction,operating_2025,172,SRC01:变电站1,电网建模数据_Agent整合版_V1.2,select 2025 signed station annual extrema; do not sum extrema as synchronous county peak,real_2025,source_value,563180da9b4fd16012c14ddb974e76ce1f06dfdd8ca13816a2ac529901b91176
QX-00004,110,BDZ-00047,100,49.82,2025-07-16 12:10:00,7.88,2025-04-14 14:10:00,net_load_no_pv_resubtraction,operating_2025,144,SRC01:变电站1,电网建模数据_Agent整合版_V1.2,select 2025 signed station annual extrema; do not sum extrema as synchronous county peak,real_2025,source_value,563180da9b4fd16012c14ddb974e76ce1f06dfdd8ca13816a2ac529901b91176
QX-00004,110,BDZ-00061,126,36.44,2025-07-05 21:08:00,-21.08,2025-04-28 13:15:00,net_load_no_pv_resubtraction,operating_2025,146,SRC01:变电站1,电网建模数据_Agent整合版_V1.2,select 2025 signed station annual extrema; do not sum extrema as synchronous county peak,real_2025,source_value,563180da9b4fd16012c14ddb974e76ce1f06dfdd8ca13816a2ac529901b91176
QX-00004,110,BDZ-00064,100,35.41,2025-07-22 00:05:00,-45.38,2025-05-03 11:45:00,net_load_no_pv_resubtraction,operating_2025,136,SRC01:变电站1,电网建模数据_Agent整合版_V1.2,select 2025 signed station annual extrema; do not sum extrema as synchronous county peak,real_2025,source_value,563180da9b4fd16012c14ddb974e76ce1f06dfdd8ca13816a2ac529901b91176
QX-00004,110,BDZ-00075,130,37.58,2025-12-13 11:19:00,-1.54,2025-01-29 13:13:00,net_load_no_pv_resubtraction,operating_2025,178,SRC01:变电站1,电网建模数据_Agent整合版_V1.2,select 2025 signed station annual extrema; do not sum extrema as synchronous county peak,real_2025,source_value,563180da9b4fd16012c14ddb974e76ce1f06dfdd8ca13816a2ac529901b91176
QX-00004,110,BDZ-00082,100,20.43,2025-07-21 01:10:00,-22.28,2025-09-21 12:00:00,net_load_no_pv_resubtraction,operating_2025,139,SRC01:变电站1,电网建模数据_Agent整合版_V1.2,select 2025 signed station annual extrema; do not sum extrema as synchronous county peak,real_2025,source_value,563180da9b4fd16012c14ddb974e76ce1f06dfdd8ca13816a2ac529901b91176
QX-00004,110,BDZ-00083,126,50.29,2025-08-21 20:53:00,-4.63,2025-04-22 12:38:00,net_load_no_pv_resubtraction,operating_2025,181,SRC01:变电站1,电网建模数据_Agent整合版_V1.2,select 2025 signed station annual extrema; do not sum extrema as synchronous county peak,real_2025,source_value,563180da9b4fd16012c14ddb974e76ce1f06dfdd8ca13816a2ac529901b91176
QX-00004,110,BDZ-00093,126,45.34,2025-12-17 18:38:00,-0.9,2025-11-12 16:11:00,net_load_no_pv_resubtraction,operating_2025,145,SRC01:变电站1,电网建模数据_Agent整合版_V1.2,select 2025 signed station annual extrema; do not sum extrema as synchronous county peak,real_2025,source_value,563180da9b4fd16012c14ddb974e76ce1f06dfdd8ca13816a2ac529901b91176
QX-00004,110,BDZ-00098,100,33.51,2025-08-21 20:30:00,-49.91,2025-05-03 12:15:00,net_load_no_pv_resubtraction,operating_2025,134,SRC01:变电站1,电网建模数据_Agent整合版_V1.2,select 2025 signed station annual extrema; do not sum extrema as synchronous county peak,real_2025,source_value,563180da9b4fd16012c14ddb974e76ce1f06dfdd8ca13816a2ac529901b91176
QX-00004,110,BDZ-00130,70,23.9,2025-07-13 20:58:00,-16.03,2025-04-12 12:32:00,net_load_no_pv_resubtraction,operating_2025,192,SRC01:变电站1,电网建模数据_Agent整合版_V1.2,select 2025 signed station annual extrema; do not sum extrema as synchronous county peak,real_2025,source_value,563180da9b4fd16012c14ddb974e76ce1f06dfdd8ca13816a2ac529901b91176
QX-00004,110,BDZ-00140,126,79.67,2025-08-21 12:40:00,1.74,2025-05-03 12:50:00,net_load_no_pv_resubtraction,operating_2025,143,SRC01:变电站1,电网建模数据_Agent整合版_V1.2,select 2025 signed station annual extrema; do not sum extrema as synchronous county peak,real_2025,source_value,563180da9b4fd16012c14ddb974e76ce1f06dfdd8ca13816a2ac529901b91176
QX-00004,110,BDZ-00149,90,49.24,2025-07-05 20:50:00,-46.05,2025-06-02 12:35:00,net_load_no_pv_resubtraction,operating_2025,135,SRC01:变电站1,电网建模数据_Agent整合版_V1.2,select 2025 signed station annual extrema; do not sum extrema as synchronous county peak,real_2025,source_value,563180da9b4fd16012c14ddb974e76ce1f06dfdd8ca13816a2ac529901b91176
QX-00004,110,BDZ-00152,100,36.1,2025-08-16 19:15:00,-18.19,2025-05-10 12:40:00,net_load_no_pv_resubtraction,operating_2025,140,SRC01:变电站1,电网建模数据_Agent整合版_V1.2,select 2025 signed station annual extrema; do not sum extrema as synchronous county peak,real_2025,source_value,563180da9b4fd16012c14ddb974e76ce1f06dfdd8ca13816a2ac529901b91176
QX-00004,110,BDZ-00169,100,60.01,2025-01-07 07:25:00,0.17,2025-06-20 13:25:00,net_load_no_pv_resubtraction,operating_2025,207,SRC01:变电站1,电网建模数据_Agent整合版_V1.2,select 2025 signed station annual extrema; do not sum extrema as synchronous county peak,real_2025,source_value,563180da9b4fd16012c14ddb974e76ce1f06dfdd8ca13816a2ac529901b91176
QX-00004,110,BDZ-00181,113,25.82,2025-10-12 10:45:00,-22.41,2025-01-27 13:30:00,net_load_no_pv_resubtraction,operating_2025,138,SRC01:变电站1,电网建模数据_Agent整合版_V1.2,select 2025 signed station annual extrema; do not sum extrema as synchronous county peak,real_2025,source_value,563180da9b4fd16012c14ddb974e76ce1f06dfdd8ca13816a2ac529901b91176
QX-00004,110,BDZ-00182,100,39.99,2025-07-22 00:45:00,-37.58,2025-05-10 12:35:00,net_load_no_pv_resubtraction,operating_2025,137,SRC01:变电站1,电网建模数据_Agent整合版_V1.2,select 2025 signed station annual extrema; do not sum extrema as synchronous county peak,real_2025,source_value,563180da9b4fd16012c14ddb974e76ce1f06dfdd8ca13816a2ac529901b91176
QX-00005,35,BDZ-00246,40,27.01,2025-07-05 21:10:00,-25.63,2025-04-12 12:00:00,net_load_no_pv_resubtraction,operating_2025,226,SRC01:变电站1,电网建模数据_Agent整合版_V1.2,select 2025 signed station annual extrema; do not sum extrema as synchronous county peak,real_2025,source_value,563180da9b4fd16012c14ddb974e76ce1f06dfdd8ca13816a2ac529901b91176
QX-00005,35,BDZ-00248,40,12.49,2025-08-29 22:55:00,-3.88,2025-03-18 13:40:00,net_load_no_pv_resubtraction,operating_2025,231,SRC01:变电站1,电网建模数据_Agent整合版_V1.2,select 2025 signed station annual extrema; do not sum extrema as synchronous county peak,real_2025,source_value,563180da9b4fd16012c14ddb974e76ce1f06dfdd8ca13816a2ac529901b91176
QX-00005,35,BDZ-00255,30,26.94,2025-01-28 21:55:00,-12.08,2025-04-12 12:35:00,net_load_no_pv_resubtraction,operating_2025,227,SRC01:变电站1,电网建模数据_Agent整合版_V1.2,select 2025 signed station annual extrema; do not sum extrema as synchronous county peak,real_2025,source_value,563180da9b4fd16012c14ddb974e76ce1f06dfdd8ca13816a2ac529901b91176
QX-00005,35,BDZ-00280,45,23.84,2025-12-18 07:45:00,-15.16,2025-04-30 12:20:00,net_load_no_pv_resubtraction,operating_2025,229,SRC01:变电站1,电网建模数据_Agent整合版_V1.2,select 2025 signed station annual extrema; do not sum extrema as synchronous county peak,real_2025,source_value,563180da9b4fd16012c14ddb974e76ce1f06dfdd8ca13816a2ac529901b91176
QX-00005,35,BDZ-00290,30,26.25,2025-10-19 11:55:00,-16.73,2025-08-21 20:25:00,net_load_no_pv_resubtraction,operating_2025,228,SRC01:变电站1,电网建模数据_Agent整合版_V1.2,select 2025 signed station annual extrema; do not sum extrema as synchronous county peak,real_2025,source_value,563180da9b4fd16012c14ddb974e76ce1f06dfdd8ca13816a2ac529901b91176
QX-00005,35,BDZ-00314,36,20.44,2025-08-06 20:10:00,-27.2,2025-08-11 10:55:00,net_load_no_pv_resubtraction,operating_2025,224,SRC01:变电站1,电网建模数据_Agent整合版_V1.2,select 2025 signed station annual extrema; do not sum extrema as synchronous county peak,real_2025,source_value,563180da9b4fd16012c14ddb974e76ce1f06dfdd8ca13816a2ac529901b91176
QX-00005,35,BDZ-00325,36,20.2,2025-07-06 21:05:00,-5.91,2025-03-11 14:20:00,net_load_no_pv_resubtraction,operating_2025,230,SRC01:变电站1,电网建模数据_Agent整合版_V1.2,select 2025 signed station annual extrema; do not sum extrema as synchronous county peak,real_2025,source_value,563180da9b4fd16012c14ddb974e76ce1f06dfdd8ca13816a2ac529901b91176
QX-00005,110,BDZ-00005,81.5,37.24,2025-08-21 20:05:00,-19.36,2025-11-22 12:05:00,net_load_no_pv_resubtraction,operating_2025,92,SRC01:变电站1,电网建模数据_Agent整合版_V1.2,select 2025 signed station annual extrema; do not sum extrema as synchronous county peak,real_2025,source_value,563180da9b4fd16012c14ddb974e76ce1f06dfdd8ca13816a2ac529901b91176
QX-00005,110,BDZ-00016,150,70.26,2025-07-05 21:55:00,-33.5,2025-05-01 12:28:00,net_load_no_pv_resubtraction,operating_2025,167,SRC01:变电站1,电网建模数据_Agent整合版_V1.2,select 2025 signed station annual extrema; do not sum extrema as synchronous county peak,real_2025,source_value,563180da9b4fd16012c14ddb974e76ce1f06dfdd8ca13816a2ac529901b91176
QX-00005,110,BDZ-00021,100,31.28,2025-08-06 18:20:00,-24.82,2025-10-01 10:45:00,net_load_no_pv_resubtraction,operating_2025,89,SRC01:变电站1,电网建模数据_Agent整合版_V1.2,select 2025 signed station annual extrema; do not sum extrema as synchronous county peak,real_2025,source_value,563180da9b4fd16012c14ddb974e76ce1f06dfdd8ca13816a2ac529901b91176
QX-00005,110,BDZ-00022,81.5,30.76,2025-07-05 20:55:00,-47.8,2025-09-25 10:55:00,net_load_no_pv_resubtraction,operating_2025,84,SRC01:变电站1,电网建模数据_Agent整合版_V1.2,select 2025 signed station annual extrema; do not sum extrema as synchronous county peak,real_2025,source_value,563180da9b4fd16012c14ddb974e76ce1f06dfdd8ca13816a2ac529901b91176
QX-00005,110,BDZ-00026,113,92.67,2025-08-21 20:58:00,-19.31,2025-04-15 12:50:00,net_load_no_pv_resubtraction,operating_2025,168,SRC01:变电站1,电网建模数据_Agent整合版_V1.2,select 2025 signed station annual extrema; do not sum extrema as synchronous county peak,real_2025,source_value,563180da9b4fd16012c14ddb974e76ce1f06dfdd8ca13816a2ac529901b91176
QX-00005,110,BDZ-00027,100,59.21,2025-08-29 17:00:00,-37.27,2025-05-01 11:47:00,net_load_no_pv_resubtraction,operating_2025,169,SRC01:变电站1,电网建模数据_Agent整合版_V1.2,select 2025 signed station annual extrema; do not sum extrema as synchronous county peak,real_2025,source_value,563180da9b4fd16012c14ddb974e76ce1f06dfdd8ca13816a2ac529901b91176
QX-00005,110,BDZ-00028,163,103.04,2025-02-07 20:10:00,0,2025-03-14 15:25:00,net_load_no_pv_resubtraction,operating_2025,94,SRC01:变电站1,电网建模数据_Agent整合版_V1.2,select 2025 signed station annual extrema; do not sum extrema as synchronous county peak,real_2025,source_value,563180da9b4fd16012c14ddb974e76ce1f06dfdd8ca13816a2ac529901b91176
QX-00005,110,BDZ-00031,113,40.58,2025-12-13 10:35:00,-30.62,2025-05-03 12:30:00,net_load_no_pv_resubtraction,operating_2025,88,SRC01:变电站1,电网建模数据_Agent整合版_V1.2,select 2025 signed station annual extrema; do not sum extrema as synchronous county peak,real_2025,source_value,563180da9b4fd16012c14ddb974e76ce1f06dfdd8ca13816a2ac529901b91176
QX-00005,110,BDZ-00037,100,28,2025-07-06 00:10:00,-27.6,2025-09-21 11:35:00,net_load_no_pv_resubtraction,operating_2025,91,SRC01:变电站1,电网建模数据_Agent整合版_V1.2,select 2025 signed station annual extrema; do not sum extrema as synchronous county peak,real_2025,source_value,563180da9b4fd16012c14ddb974e76ce1f06dfdd8ca13816a2ac529901b91176
QX-00005,110,BDZ-00048,150,73.74,2025-07-05 22:10:00,-5.22,2025-04-22 12:35:00,net_load_no_pv_resubtraction,operating_2025,93,SRC01:变电站1,电网建模数据_Agent整合版_V1.2,select 2025 signed station annual extrema; do not sum extrema as synchronous county peak,real_2025,source_value,563180da9b4fd16012c14ddb974e76ce1f06dfdd8ca13816a2ac529901b91176
QX-00005,110,BDZ-00056,100,,,,,net_load_no_pv_resubtraction,operating_2025,96,SRC01:变电站1,电网建模数据_Agent整合版_V1.2,select 2025 signed station annual extrema; do not sum extrema as synchronous county peak,real_2025,missing_extrema,563180da9b4fd16012c14ddb974e76ce1f06dfdd8ca13816a2ac529901b91176
QX-00005,110,BDZ-00095,100,22.87,2025-07-05 21:08:00,-31.72,2025-05-06 14:05:00,net_load_no_pv_resubtraction,operating_2025,185,SRC01:变电站1,电网建模数据_Agent整合版_V1.2,select 2025 signed station annual extrema; do not sum extrema as synchronous county peak,real_2025,source_value,563180da9b4fd16012c14ddb974e76ce1f06dfdd8ca13816a2ac529901b91176
QX-00005,110,BDZ-00096,160,69.44,2025-07-05 21:55:00,0,2025-10-30 15:35:00,net_load_no_pv_resubtraction,operating_2025,95,SRC01:变电站1,电网建模数据_Agent整合版_V1.2,select 2025 signed station annual extrema; do not sum extrema as synchronous county peak,real_2025,source_value,563180da9b4fd16012c14ddb974e76ce1f06dfdd8ca13816a2ac529901b91176
QX-00005,110,BDZ-00124,113,61.93,2025-07-05 20:45:00,-30.96,2025-04-14 12:50:00,net_load_no_pv_resubtraction,operating_2025,87,SRC01:变电站1,电网建模数据_Agent整合版_V1.2,select 2025 signed station annual extrema; do not sum extrema as synchronous county peak,real_2025,source_value,563180da9b4fd16012c14ddb974e76ce1f06dfdd8ca13816a2ac529901b91176
QX-00005,110,BDZ-00135,113,84.4,2025-07-06 21:15:00,-59.9,2025-04-12 12:25:00,net_load_no_pv_resubtraction,operating_2025,85,SRC01:变电站1,电网建模数据_Agent整合版_V1.2,select 2025 signed station annual extrema; do not sum extrema as synchronous county peak,real_2025,source_value,563180da9b4fd16012c14ddb974e76ce1f06dfdd8ca13816a2ac529901b91176
QX-00005,110,BDZ-00141,100,40.34,2025-07-05 21:10:00,-37.96,2025-05-06 12:10:00,net_load_no_pv_resubtraction,operating_2025,86,SRC01:变电站1,电网建模数据_Agent整合版_V1.2,select 2025 signed station annual extrema; do not sum extrema as synchronous county peak,real_2025,source_value,563180da9b4fd16012c14ddb974e76ce1f06dfdd8ca13816a2ac529901b91176
QX-00005,110,BDZ-00146,80,25.9,2025-01-28 21:50:00,-29.1,2025-05-03 12:05:00,net_load_no_pv_resubtraction,operating_2025,198,SRC01:变电站1,电网建模数据_Agent整合版_V1.2,select 2025 signed station annual extrema; do not sum extrema as synchronous county peak,real_2025,source_value,563180da9b4fd16012c14ddb974e76ce1f06dfdd8ca13816a2ac529901b91176
QX-00005,110,BDZ-00147,100,51.19,2025-07-05 22:17:00,0.95,2025-04-04 12:55:00,net_load_no_pv_resubtraction,operating_2025,199,SRC01:变电站1,电网建模数据_Agent整合版_V1.2,select 2025 signed station annual extrema; do not sum extrema as synchronous county peak,real_2025,source_value,563180da9b4fd16012c14ddb974e76ce1f06dfdd8ca13816a2ac529901b91176
QX-00005,110,BDZ-00162,40,19.4,2025-01-28 21:45:00,-39.5,2025-04-12 11:36:00,net_load_no_pv_resubtraction,operating_2025,204,SRC01:变电站1,电网建模数据_Agent整合版_V1.2,select 2025 signed station annual extrema; do not sum extrema as synchronous county peak,real_2025,source_value,563180da9b4fd16012c14ddb974e76ce1f06dfdd8ca13816a2ac529901b91176
QX-00005,110,BDZ-00164,63,39.34,2025-07-05 21:19:00,-31.95,2025-05-03 12:32:00,net_load_no_pv_resubtraction,operating_2025,205,SRC01:变电站1,电网建模数据_Agent整合版_V1.2,select 2025 signed station annual extrema; do not sum extrema as synchronous county peak,real_2025,source_value,563180da9b4fd16012c14ddb974e76ce1f06dfdd8ca13816a2ac529901b91176
QX-00005,110,BDZ-00172,100,34.83,2025-07-04 21:35:00,-23.24,2025-05-18 12:00:00,net_load_no_pv_resubtraction,operating_2025,90,SRC01:变电站1,电网建模数据_Agent整合版_V1.2,select 2025 signed station annual extrema; do not sum extrema as synchronous county peak,real_2025,source_value,563180da9b4fd16012c14ddb974e76ce1f06dfdd8ca13816a2ac529901b91176
QX-00007,35,BDZ-00270,36,6.71,2025-05-03 12:25:00,-10.62,2025-02-07 19:15:00,net_load_no_pv_resubtraction,operating_2025,213,SRC01:变电站1,电网建模数据_Agent整合版_V1.2,select 2025 signed station annual extrema; do not sum extrema as synchronous county peak,real_2025,source_value,563180da9b4fd16012c14ddb974e76ce1f06dfdd8ca13816a2ac529901b91176
QX-00007,110,BDZ-00004,100,36.77,2025-08-21 21:31:00,-3.3,2025-05-01 12:22:00,net_load_no_pv_resubtraction,operating_2025,161,SRC01:变电站1,电网建模数据_Agent整合版_V1.2,select 2025 signed station annual extrema; do not sum extrema as synchronous county peak,real_2025,source_value,563180da9b4fd16012c14ddb974e76ce1f06dfdd8ca13816a2ac529901b91176
QX-00007,110,BDZ-00012,126,34.64,2025-01-10 19:40:00,-32.21,2025-04-12 12:45:00,net_load_no_pv_resubtraction,operating_2025,56,SRC01:变电站1,电网建模数据_Agent整合版_V1.2,select 2025 signed station annual extrema; do not sum extrema as synchronous county peak,real_2025,source_value,563180da9b4fd16012c14ddb974e76ce1f06dfdd8ca13816a2ac529901b91176
QX-00007,110,BDZ-00013,113,61.2,2025-08-21 21:45:00,-9.01,2025-04-27 12:20:00,net_load_no_pv_resubtraction,operating_2025,58,SRC01:变电站1,电网建模数据_Agent整合版_V1.2,select 2025 signed station annual extrema; do not sum extrema as synchronous county peak,real_2025,source_value,563180da9b4fd16012c14ddb974e76ce1f06dfdd8ca13816a2ac529901b91176
QX-00007,110,BDZ-00023,160,89.84,2025-07-07 12:20:00,12.46,2025-05-09 04:05:00,net_load_no_pv_resubtraction,operating_2025,69,SRC01:变电站1,电网建模数据_Agent整合版_V1.2,select 2025 signed station annual extrema; do not sum extrema as synchronous county peak,real_2025,source_value,563180da9b4fd16012c14ddb974e76ce1f06dfdd8ca13816a2ac529901b91176
QX-00007,110,BDZ-00024,143,83.17,2025-08-21 12:10:00,11.27,2025-03-25 04:05:00,net_load_no_pv_resubtraction,operating_2025,70,SRC01:变电站1,电网建模数据_Agent整合版_V1.2,select 2025 signed station annual extrema; do not sum extrema as synchronous county peak,real_2025,source_value,563180da9b4fd16012c14ddb974e76ce1f06dfdd8ca13816a2ac529901b91176
QX-00007,110,BDZ-00036,80,65.57,2025-08-21 12:30:00,8.8,2025-03-27 03:50:00,net_load_no_pv_resubtraction,operating_2025,75,SRC01:变电站1,电网建模数据_Agent整合版_V1.2,select 2025 signed station annual extrema; do not sum extrema as synchronous county peak,real_2025,source_value,563180da9b4fd16012c14ddb974e76ce1f06dfdd8ca13816a2ac529901b91176
QX-00007,110,BDZ-00042,160,73.01,2025-08-22 11:25:00,9.42,2025-04-14 03:25:00,net_load_no_pv_resubtraction,operating_2025,65,SRC01:变电站1,电网建模数据_Agent整合版_V1.2,select 2025 signed station annual extrema; do not sum extrema as synchronous county peak,real_2025,source_value,563180da9b4fd16012c14ddb974e76ce1f06dfdd8ca13816a2ac529901b91176
QX-00007,110,BDZ-00051,100,54.57,2025-07-07 12:10:00,7.1,2025-03-27 03:45:00,net_load_no_pv_resubtraction,operating_2025,68,SRC01:变电站1,电网建模数据_Agent整合版_V1.2,select 2025 signed station annual extrema; do not sum extrema as synchronous county peak,real_2025,source_value,563180da9b4fd16012c14ddb974e76ce1f06dfdd8ca13816a2ac529901b91176
QX-00007,110,BDZ-00053,126,74.32,2025-07-07 12:40:00,0,2025-08-28 01:35:00,net_load_no_pv_resubtraction,operating_2025,74,SRC01:变电站1,电网建模数据_Agent整合版_V1.2,select 2025 signed station annual extrema; do not sum extrema as synchronous county peak,real_2025,source_value,563180da9b4fd16012c14ddb974e76ce1f06dfdd8ca13816a2ac529901b91176
QX-00007,110,BDZ-00062,126,48.29,2025-08-21 21:25:00,6.03,2025-04-24 14:40:00,net_load_no_pv_resubtraction,operating_2025,63,SRC01:变电站1,电网建模数据_Agent整合版_V1.2,select 2025 signed station annual extrema; do not sum extrema as synchronous county peak,real_2025,source_value,563180da9b4fd16012c14ddb974e76ce1f06dfdd8ca13816a2ac529901b91176
QX-00007,110,BDZ-00065,160,73.08,2025-07-07 12:30:00,10.72,2025-04-07 03:45:00,net_load_no_pv_resubtraction,operating_2025,67,SRC01:变电站1,电网建模数据_Agent整合版_V1.2,select 2025 signed station annual extrema; do not sum extrema as synchronous county peak,real_2025,source_value,563180da9b4fd16012c14ddb974e76ce1f06dfdd8ca13816a2ac529901b91176
QX-00007,110,BDZ-00074,113,62.57,2025-07-31 10:20:00,-12.69,2025-05-01 12:10:00,net_load_no_pv_resubtraction,operating_2025,57,SRC01:变电站1,电网建模数据_Agent整合版_V1.2,select 2025 signed station annual extrema; do not sum extrema as synchronous county peak,real_2025,source_value,563180da9b4fd16012c14ddb974e76ce1f06dfdd8ca13816a2ac529901b91176
QX-00007,110,BDZ-00076,100,28.23,2025-05-21 12:08:00,4.75,2025-05-13 04:46:00,net_load_no_pv_resubtraction,operating_2025,179,SRC01:变电站1,电网建模数据_Agent整合版_V1.2,select 2025 signed station annual extrema; do not sum extrema as synchronous county peak,real_2025,source_value,563180da9b4fd16012c14ddb974e76ce1f06dfdd8ca13816a2ac529901b91176
QX-00007,110,BDZ-00085,126,92.4,2025-07-07 13:10:00,-9.11,2025-10-22 19:55:00,net_load_no_pv_resubtraction,operating_2025,77,SRC01:变电站1,电网建模数据_Agent整合版_V1.2,select 2025 signed station annual extrema; do not sum extrema as synchronous county peak,real_2025,source_value,563180da9b4fd16012c14ddb974e76ce1f06dfdd8ca13816a2ac529901b91176
QX-00007,110,BDZ-00092,100,10.68,2025-12-22 09:39:00,-6.4,2025-05-10 12:51:00,net_load_no_pv_resubtraction,operating_2025,184,SRC01:变电站1,电网建模数据_Agent整合版_V1.2,select 2025 signed station annual extrema; do not sum extrema as synchronous county peak,real_2025,source_value,563180da9b4fd16012c14ddb974e76ce1f06dfdd8ca13816a2ac529901b91176
QX-00007,110,BDZ-00094,113,55.8,2025-07-07 14:00:00,5.87,2025-05-11 12:55:00,net_load_no_pv_resubtraction,operating_2025,64,SRC01:变电站1,电网建模数据_Agent整合版_V1.2,select 2025 signed station annual extrema; do not sum extrema as synchronous county peak,real_2025,source_value,563180da9b4fd16012c14ddb974e76ce1f06dfdd8ca13816a2ac529901b91176
QX-00007,110,BDZ-00102,100,18.56,2025-08-20 20:24:00,2.04,2025-09-21 12:25:00,net_load_no_pv_resubtraction,operating_2025,187,SRC01:变电站1,电网建模数据_Agent整合版_V1.2,select 2025 signed station annual extrema; do not sum extrema as synchronous county peak,real_2025,source_value,563180da9b4fd16012c14ddb974e76ce1f06dfdd8ca13816a2ac529901b91176
QX-00007,110,BDZ-00103,100,56.34,2025-07-07 12:33:00,8.1,2025-04-15 03:27:00,net_load_no_pv_resubtraction,operating_2025,71,SRC01:变电站1,电网建模数据_Agent整合版_V1.2,select 2025 signed station annual extrema; do not sum extrema as synchronous county peak,real_2025,source_value,563180da9b4fd16012c14ddb974e76ce1f06dfdd8ca13816a2ac529901b91176
QX-00007,110,BDZ-00106,100,9.32,2025-07-29 21:06:00,0,2025-10-18 06:21:00,net_load_no_pv_resubtraction,operating_2025,188,SRC01:变电站1,电网建模数据_Agent整合版_V1.2,select 2025 signed station annual extrema; do not sum extrema as synchronous county peak,real_2025,source_value,563180da9b4fd16012c14ddb974e76ce1f06dfdd8ca13816a2ac529901b91176
QX-00007,110,BDZ-00110,200,33.11,2025-08-21 12:40:00,4.11,2025-04-10 04:45:00,net_load_no_pv_resubtraction,operating_2025,60,SRC01:变电站1,电网建模数据_Agent整合版_V1.2,select 2025 signed station annual extrema; do not sum extrema as synchronous county peak,real_2025,source_value,563180da9b4fd16012c14ddb974e76ce1f06dfdd8ca13816a2ac529901b91176
QX-00007,110,BDZ-00114,176,95.29,2025-08-22 13:50:00,-9.69,2025-05-03 12:30:00,net_load_no_pv_resubtraction,operating_2025,59,SRC01:变电站1,电网建模数据_Agent整合版_V1.2,select 2025 signed station annual extrema; do not sum extrema as synchronous county peak,real_2025,source_value,563180da9b4fd16012c14ddb974e76ce1f06dfdd8ca13816a2ac529901b91176
QX-00007,110,BDZ-00115,100,63.56,2025-07-04 22:10:00,2.24,2025-05-03 13:00:00,net_load_no_pv_resubtraction,operating_2025,61,SRC01:变电站1,电网建模数据_Agent整合版_V1.2,select 2025 signed station annual extrema; do not sum extrema as synchronous county peak,real_2025,source_value,563180da9b4fd16012c14ddb974e76ce1f06dfdd8ca13816a2ac529901b91176
QX-00007,110,BDZ-00137,100,84.78,2025-08-06 11:11:00,6.9,2025-05-01 12:23:00,net_load_no_pv_resubtraction,operating_2025,195,SRC01:变电站1,电网建模数据_Agent整合版_V1.2,select 2025 signed station annual extrema; do not sum extrema as synchronous county peak,real_2025,source_value,563180da9b4fd16012c14ddb974e76ce1f06dfdd8ca13816a2ac529901b91176
QX-00007,110,BDZ-00139,100,79.56,2025-08-22 13:45:00,11.57,2025-05-03 12:50:00,net_load_no_pv_resubtraction,operating_2025,76,SRC01:变电站1,电网建模数据_Agent整合版_V1.2,select 2025 signed station annual extrema; do not sum extrema as synchronous county peak,real_2025,source_value,563180da9b4fd16012c14ddb974e76ce1f06dfdd8ca13816a2ac529901b91176
QX-00007,110,BDZ-00142,0,0,,0,,net_load_no_pv_resubtraction,operating_2025,197,SRC01:变电站1,电网建模数据_Agent整合版_V1.2,select 2025 signed station annual extrema; do not sum extrema as synchronous county peak,real_2025,source_value,563180da9b4fd16012c14ddb974e76ce1f06dfdd8ca13816a2ac529901b91176
QX-00007,110,BDZ-00148,160,89.03,2025-08-22 12:25:00,13.26,2025-04-08 04:15:00,net_load_no_pv_resubtraction,operating_2025,72,SRC01:变电站1,电网建模数据_Agent整合版_V1.2,select 2025 signed station annual extrema; do not sum extrema as synchronous county peak,real_2025,source_value,563180da9b4fd16012c14ddb974e76ce1f06dfdd8ca13816a2ac529901b91176
QX-00007,110,BDZ-00151,143,110.71,2025-08-21 21:19:00,20.48,2025-05-10 05:04:00,net_load_no_pv_resubtraction,operating_2025,200,SRC01:变电站1,电网建模数据_Agent整合版_V1.2,select 2025 signed station annual extrema; do not sum extrema as synchronous county peak,real_2025,source_value,563180da9b4fd16012c14ddb974e76ce1f06dfdd8ca13816a2ac529901b91176
QX-00007,110,BDZ-00154,113,16.89,2025-07-05 21:19:00,2.02,2025-03-25 03:47:00,net_load_no_pv_resubtraction,operating_2025,202,SRC01:变电站1,电网建模数据_Agent整合版_V1.2,select 2025 signed station annual extrema; do not sum extrema as synchronous county peak,real_2025,source_value,563180da9b4fd16012c14ddb974e76ce1f06dfdd8ca13816a2ac529901b91176
QX-00007,110,BDZ-00155,100,47.71,2025-07-04 19:10:00,5.98,2025-05-09 03:10:00,net_load_no_pv_resubtraction,operating_2025,66,SRC01:变电站1,电网建模数据_Agent整合版_V1.2,select 2025 signed station annual extrema; do not sum extrema as synchronous county peak,real_2025,source_value,563180da9b4fd16012c14ddb974e76ce1f06dfdd8ca13816a2ac529901b91176
QX-00007,110,BDZ-00156,126,79.93,2025-08-22 12:20:00,10.92,2025-05-09 04:10:00,net_load_no_pv_resubtraction,operating_2025,73,SRC01:变电站1,电网建模数据_Agent整合版_V1.2,select 2025 signed station annual extrema; do not sum extrema as synchronous county peak,real_2025,source_value,563180da9b4fd16012c14ddb974e76ce1f06dfdd8ca13816a2ac529901b91176
QX-00007,110,BDZ-00175,150,38.99,2025-08-21 22:05:00,6.03,2025-05-03 12:45:00,net_load_no_pv_resubtraction,operating_2025,62,SRC01:变电站1,电网建模数据_Agent整合版_V1.2,select 2025 signed station annual extrema; do not sum extrema as synchronous county peak,real_2025,source_value,563180da9b4fd16012c14ddb974e76ce1f06dfdd8ca13816a2ac529901b91176
QX-00008,35,BDZ-00257,16.3,7.763,2025-04-09 06:05:00,0.56,2025-05-02 13:10:00,net_load_no_pv_resubtraction,operating_2025,262,SRC01:变电站1,电网建模数据_Agent整合版_V1.2,select 2025 signed station annual extrema; do not sum extrema as synchronous county peak,real_2025,source_value,563180da9b4fd16012c14ddb974e76ce1f06dfdd8ca13816a2ac529901b91176
QX-00008,35,BDZ-00269,40,18.39,2025-07-05 20:35:00,-6.35,2025-09-21 11:40:00,net_load_no_pv_resubtraction,operating_2025,266,SRC01:变电站1,电网建模数据_Agent整合版_V1.2,select 2025 signed station annual extrema; do not sum extrema as synchronous county peak,real_2025,source_value,563180da9b4fd16012c14ddb974e76ce1f06dfdd8ca13816a2ac529901b91176
QX-00008,35,BDZ-00292,20,10.42,2025-07-27 21:15:00,-0.11,2025-10-19 11:55:00,net_load_no_pv_resubtraction,operating_2025,267,SRC01:变电站1,电网建模数据_Agent整合版_V1.2,select 2025 signed station annual extrema; do not sum extrema as synchronous county peak,real_2025,source_value,563180da9b4fd16012c14ddb974e76ce1f06dfdd8ca13816a2ac529901b91176
QX-00008,35,BDZ-00293,40,27.39,2025-07-05 21:05:00,-19.84,2025-10-29 12:20:00,net_load_no_pv_resubtraction,operating_2025,265,SRC01:变电站1,电网建模数据_Agent整合版_V1.2,select 2025 signed station annual extrema; do not sum extrema as synchronous county peak,real_2025,source_value,563180da9b4fd16012c14ddb974e76ce1f06dfdd8ca13816a2ac529901b91176
QX-00008,35,BDZ-00301,28,27.25,2025-10-17 16:15:00,-18.32,2025-10-17 16:20:00,net_load_no_pv_resubtraction,operating_2025,263,SRC01:变电站1,电网建模数据_Agent整合版_V1.2,select 2025 signed station annual extrema; do not sum extrema as synchronous county peak,real_2025,source_value,563180da9b4fd16012c14ddb974e76ce1f06dfdd8ca13816a2ac529901b91176
QX-00008,35,BDZ-00320,20,13.12,2025-01-27 20:55:00,-10.78,2025-09-21 12:20:00,net_load_no_pv_resubtraction,operating_2025,264,SRC01:变电站1,电网建模数据_Agent整合版_V1.2,select 2025 signed station annual extrema; do not sum extrema as synchronous county peak,real_2025,source_value,563180da9b4fd16012c14ddb974e76ce1f06dfdd8ca13816a2ac529901b91176
QX-00008,110,BDZ-00003,100,11.3,2025-08-30 19:42:00,-15.8,2025-09-21 13:22:00,net_load_no_pv_resubtraction,operating_2025,160,SRC01:变电站1,电网建模数据_Agent整合版_V1.2,select 2025 signed station annual extrema; do not sum extrema as synchronous county peak,real_2025,source_value,563180da9b4fd16012c14ddb974e76ce1f06dfdd8ca13816a2ac529901b91176
QX-00008,110,BDZ-00030,100,52.68,2025-07-06 21:35:00,-3.76,2025-10-29 12:15:00,net_load_no_pv_resubtraction,operating_2025,153,SRC01:变电站1,电网建模数据_Agent整合版_V1.2,select 2025 signed station annual extrema; do not sum extrema as synchronous county peak,real_2025,source_value,563180da9b4fd16012c14ddb974e76ce1f06dfdd8ca13816a2ac529901b91176
QX-00008,110,BDZ-00038,100,38.26,2025-08-07 10:40:00,-11.49,2025-05-01 12:55:00,net_load_no_pv_resubtraction,operating_2025,152,SRC01:变电站1,电网建模数据_Agent整合版_V1.2,select 2025 signed station annual extrema; do not sum extrema as synchronous county peak,real_2025,source_value,563180da9b4fd16012c14ddb974e76ce1f06dfdd8ca13816a2ac529901b91176
QX-00008,110,BDZ-00043,63,39.93,2025-07-05 20:45:00,-35.36,2025-09-21 12:30:00,net_load_no_pv_resubtraction,operating_2025,148,SRC01:变电站1,电网建模数据_Agent整合版_V1.2,select 2025 signed station annual extrema; do not sum extrema as synchronous county peak,real_2025,source_value,563180da9b4fd16012c14ddb974e76ce1f06dfdd8ca13816a2ac529901b91176
QX-00008,110,BDZ-00045,100,45.76,2025-07-06 21:00:00,-51.05,2025-10-29 12:15:00,net_load_no_pv_resubtraction,operating_2025,149,SRC01:变电站1,电网建模数据_Agent整合版_V1.2,select 2025 signed station annual extrema; do not sum extrema as synchronous county peak,real_2025,source_value,563180da9b4fd16012c14ddb974e76ce1f06dfdd8ca13816a2ac529901b91176
QX-00008,110,BDZ-00063,100,13.6,2025-08-29 00:39:00,-27.25,2025-05-10 10:42:00,net_load_no_pv_resubtraction,operating_2025,175,SRC01:变电站1,电网建模数据_Agent整合版_V1.2,select 2025 signed station annual extrema; do not sum extrema as synchronous county peak,real_2025,source_value,563180da9b4fd16012c14ddb974e76ce1f06dfdd8ca13816a2ac529901b91176
QX-00008,110,BDZ-00066,100,0,1970-01-01 00:00:00,0,1970-01-01 00:00:00,net_load_no_pv_resubtraction,operating_2025,208,SRC01:变电站1,电网建模数据_Agent整合版_V1.2,select 2025 signed station annual extrema; do not sum extrema as synchronous county peak,real_2025,source_value,563180da9b4fd16012c14ddb974e76ce1f06dfdd8ca13816a2ac529901b91176
QX-00008,110,BDZ-00067,100,15.93,2025-08-04 20:26:00,-14.58,2025-05-06 13:00:00,net_load_no_pv_resubtraction,operating_2025,176,SRC01:变电站1,电网建模数据_Agent整合版_V1.2,select 2025 signed station annual extrema; do not sum extrema as synchronous county peak,real_2025,source_value,563180da9b4fd16012c14ddb974e76ce1f06dfdd8ca13816a2ac529901b91176
QX-00008,110,BDZ-00070,100,82.87,2025-07-05 22:15:00,7.78,2025-10-06 14:45:00,net_load_no_pv_resubtraction,operating_2025,158,SRC01:变电站1,电网建模数据_Agent整合版_V1.2,select 2025 signed station annual extrema; do not sum extrema as synchronous county peak,real_2025,source_value,563180da9b4fd16012c14ddb974e76ce1f06dfdd8ca13816a2ac529901b91176
QX-00008,110,BDZ-00073,100,38.41,2025-08-21 19:50:00,-19.93,2025-10-09 12:05:00,net_load_no_pv_resubtraction,operating_2025,151,SRC01:变电站1,电网建模数据_Agent整合版_V1.2,select 2025 signed station annual extrema; do not sum extrema as synchronous county peak,real_2025,source_value,563180da9b4fd16012c14ddb974e76ce1f06dfdd8ca13816a2ac529901b91176
QX-00008,110,BDZ-00081,63,33.25,2025-01-28 21:35:00,-33.46,2025-03-16 13:05:00,net_load_no_pv_resubtraction,operating_2025,147,SRC01:变电站1,电网建模数据_Agent整合版_V1.2,select 2025 signed station annual extrema; do not sum extrema as synchronous county peak,real_2025,source_value,563180da9b4fd16012c14ddb974e76ce1f06dfdd8ca13816a2ac529901b91176
QX-00008,110,BDZ-00100,130,80.35,2025-07-05 22:05:00,7.17,2025-05-01 12:50:00,net_load_no_pv_resubtraction,operating_2025,156,SRC01:变电站1,电网建模数据_Agent整合版_V1.2,select 2025 signed station annual extrema; do not sum extrema as synchronous county peak,real_2025,source_value,563180da9b4fd16012c14ddb974e76ce1f06dfdd8ca13816a2ac529901b91176
QX-00008,110,BDZ-00104,81.5,45.12,2025-02-11 16:10:00,-0.63,2025-10-06 13:05:00,net_load_no_pv_resubtraction,operating_2025,155,SRC01:变电站1,电网建模数据_Agent整合版_V1.2,select 2025 signed station annual extrema; do not sum extrema as synchronous county peak,real_2025,source_value,563180da9b4fd16012c14ddb974e76ce1f06dfdd8ca13816a2ac529901b91176
QX-00008,110,BDZ-00107,100,42.88,2025-07-08 20:11:00,5.9,2025-04-12 03:31:00,net_load_no_pv_resubtraction,operating_2025,189,SRC01:变电站1,电网建模数据_Agent整合版_V1.2,select 2025 signed station annual extrema; do not sum extrema as synchronous county peak,real_2025,source_value,563180da9b4fd16012c14ddb974e76ce1f06dfdd8ca13816a2ac529901b91176
QX-00008,110,BDZ-00121,90,42.18,2025-08-21 21:00:00,-28.91,2025-09-21 12:35:00,net_load_no_pv_resubtraction,operating_2025,150,SRC01:变电站1,电网建模数据_Agent整合版_V1.2,select 2025 signed station annual extrema; do not sum extrema as synchronous county peak,real_2025,source_value,563180da9b4fd16012c14ddb974e76ce1f06dfdd8ca13816a2ac529901b91176
QX-00008,110,BDZ-00125,160,122.82,2025-07-07 12:30:00,22.3,2025-10-07 05:00:00,net_load_no_pv_resubtraction,operating_2025,157,SRC01:变电站1,电网建模数据_Agent整合版_V1.2,select 2025 signed station annual extrema; do not sum extrema as synchronous county peak,real_2025,source_value,563180da9b4fd16012c14ddb974e76ce1f06dfdd8ca13816a2ac529901b91176
QX-00008,110,BDZ-00138,100,34.42,2025-07-05 22:05:00,2,2025-04-12 13:15:00,net_load_no_pv_resubtraction,operating_2025,196,SRC01:变电站1,电网建模数据_Agent整合版_V1.2,select 2025 signed station annual extrema; do not sum extrema as synchronous county peak,real_2025,source_value,563180da9b4fd16012c14ddb974e76ce1f06dfdd8ca13816a2ac529901b91176
QX-00008,110,BDZ-00166,100,62.62,2025-07-03 21:35:00,3.75,2025-01-29 13:35:00,net_load_no_pv_resubtraction,operating_2025,154,SRC01:变电站1,电网建模数据_Agent整合版_V1.2,select 2025 signed station annual extrema; do not sum extrema as synchronous county peak,real_2025,source_value,563180da9b4fd16012c14ddb974e76ce1f06dfdd8ca13816a2ac529901b91176
QX-00008,110,BDZ-00170,70,27.07,2025-08-20 21:16:00,0,2025-03-27 05:30:00,net_load_no_pv_resubtraction,operating_2025,209,SRC01:变电站1,电网建模数据_Agent整合版_V1.2,select 2025 signed station annual extrema; do not sum extrema as synchronous county peak,real_2025,source_value,563180da9b4fd16012c14ddb974e76ce1f06dfdd8ca13816a2ac529901b91176
QX-00009,35,BDZ-00253,40,12.55,2025-07-03 23:10:00,-11.93,2025-05-06 12:55:00,net_load_no_pv_resubtraction,operating_2025,239,SRC01:变电站1,电网建模数据_Agent整合版_V1.2,select 2025 signed station annual extrema; do not sum extrema as synchronous county peak,real_2025,source_value,563180da9b4fd16012c14ddb974e76ce1f06dfdd8ca13816a2ac529901b91176
QX-00009,35,BDZ-00259,40,22.7,2025-07-05 22:20:00,-9.59,2025-05-10 14:20:00,net_load_no_pv_resubtraction,operating_2025,240,SRC01:变电站1,电网建模数据_Agent整合版_V1.2,select 2025 signed station annual extrema; do not sum extrema as synchronous county peak,real_2025,source_value,563180da9b4fd16012c14ddb974e76ce1f06dfdd8ca13816a2ac529901b91176
QX-00009,35,BDZ-00266,40,20.17,2025-06-18 22:30:00,-3.22,2025-06-22 12:15:00,net_load_no_pv_resubtraction,operating_2025,244,SRC01:变电站1,电网建模数据_Agent整合版_V1.2,select 2025 signed station annual extrema; do not sum extrema as synchronous county peak,real_2025,source_value,563180da9b4fd16012c14ddb974e76ce1f06dfdd8ca13816a2ac529901b91176
QX-00009,35,BDZ-00277,40,11.58,2025-07-04 21:30:00,-5.75,2025-06-03 13:50:00,net_load_no_pv_resubtraction,operating_2025,243,SRC01:变电站1,电网建模数据_Agent整合版_V1.2,select 2025 signed station annual extrema; do not sum extrema as synchronous county peak,real_2025,source_value,563180da9b4fd16012c14ddb974e76ce1f06dfdd8ca13816a2ac529901b91176
QX-00009,35,BDZ-00281,14.3,9.12,2025-12-03 17:35:00,-2.22,2025-06-29 13:40:00,net_load_no_pv_resubtraction,operating_2025,242,SRC01:变电站1,电网建模数据_Agent整合版_V1.2,select 2025 signed station annual extrema; do not sum extrema as synchronous county peak,real_2025,source_value,563180da9b4fd16012c14ddb974e76ce1f06dfdd8ca13816a2ac529901b91176
QX-00009,35,BDZ-00284,30,5.57,2025-07-04 21:55:00,-0.23,2025-05-24 12:35:00,net_load_no_pv_resubtraction,operating_2025,245,SRC01:变电站1,电网建模数据_Agent整合版_V1.2,select 2025 signed station annual extrema; do not sum extrema as synchronous county peak,real_2025,source_value,563180da9b4fd16012c14ddb974e76ce1f06dfdd8ca13816a2ac529901b91176
QX-00009,35,BDZ-00303,40,15.8,2025-08-04 14:05:00,-18.82,2025-10-21 12:25:00,net_load_no_pv_resubtraction,operating_2025,238,SRC01:变电站1,电网建模数据_Agent整合版_V1.2,select 2025 signed station annual extrema; do not sum extrema as synchronous county peak,real_2025,source_value,563180da9b4fd16012c14ddb974e76ce1f06dfdd8ca13816a2ac529901b91176
QX-00009,35,BDZ-00310,30,15.85,2025-07-03 21:15:00,-6.96,2025-05-03 12:00:00,net_load_no_pv_resubtraction,operating_2025,241,SRC01:变电站1,电网建模数据_Agent整合版_V1.2,select 2025 signed station annual extrema; do not sum extrema as synchronous county peak,real_2025,source_value,563180da9b4fd16012c14ddb974e76ce1f06dfdd8ca13816a2ac529901b91176
QX-00009,110,BDZ-00014,100,,,,,net_load_no_pv_resubtraction,operating_2025,124,SRC01:变电站1,电网建模数据_Agent整合版_V1.2,select 2025 signed station annual extrema; do not sum extrema as synchronous county peak,real_2025,missing_extrema,563180da9b4fd16012c14ddb974e76ce1f06dfdd8ca13816a2ac529901b91176
QX-00009,110,BDZ-00020,113,55.32,2025-07-05 21:05:00,-27.63,2025-04-25 13:00:00,net_load_no_pv_resubtraction,operating_2025,112,SRC01:变电站1,电网建模数据_Agent整合版_V1.2,select 2025 signed station annual extrema; do not sum extrema as synchronous county peak,real_2025,source_value,563180da9b4fd16012c14ddb974e76ce1f06dfdd8ca13816a2ac529901b91176
QX-00009,110,BDZ-00040,126,57.29,2025-09-05 16:20:00,-28.89,2025-06-22 12:35:00,net_load_no_pv_resubtraction,operating_2025,113,SRC01:变电站1,电网建模数据_Agent整合版_V1.2,select 2025 signed station annual extrema; do not sum extrema as synchronous county peak,real_2025,source_value,563180da9b4fd16012c14ddb974e76ce1f06dfdd8ca13816a2ac529901b91176
QX-00009,110,BDZ-00055,81.5,39.78,2025-08-21 20:40:00,-57.93,2025-04-02 14:15:00,net_load_no_pv_resubtraction,operating_2025,111,SRC01:变电站1,电网建模数据_Agent整合版_V1.2,select 2025 signed station annual extrema; do not sum extrema as synchronous county peak,real_2025,source_value,563180da9b4fd16012c14ddb974e76ce1f06dfdd8ca13816a2ac529901b91176
QX-00009,110,BDZ-00057,150,75.63,2025-08-06 11:10:00,-13.04,2025-05-01 12:55:00,net_load_no_pv_resubtraction,operating_2025,118,SRC01:变电站1,电网建模数据_Agent整合版_V1.2,select 2025 signed station annual extrema; do not sum extrema as synchronous county peak,real_2025,source_value,563180da9b4fd16012c14ddb974e76ce1f06dfdd8ca13816a2ac529901b91176
QX-00009,110,BDZ-00068,100,59.34,2025-07-16 21:23:00,-1.99,2025-05-03 12:35:00,net_load_no_pv_resubtraction,operating_2025,177,SRC01:变电站1,电网建模数据_Agent整合版_V1.2,select 2025 signed station annual extrema; do not sum extrema as synchronous county peak,real_2025,source_value,563180da9b4fd16012c14ddb974e76ce1f06dfdd8ca13816a2ac529901b91176
QX-00009,110,BDZ-00069,113,55.35,2025-11-12 20:25:00,-18.64,2025-05-03 11:35:00,net_load_no_pv_resubtraction,operating_2025,115,SRC01:变电站1,电网建模数据_Agent整合版_V1.2,select 2025 signed station annual extrema; do not sum extrema as synchronous county peak,real_2025,source_value,563180da9b4fd16012c14ddb974e76ce1f06dfdd8ca13816a2ac529901b91176
QX-00009,110,BDZ-00077,100,43,2025-07-04 22:35:00,-1.45,2025-05-03 12:15:00,net_load_no_pv_resubtraction,operating_2025,180,SRC01:变电站1,电网建模数据_Agent整合版_V1.2,select 2025 signed station annual extrema; do not sum extrema as synchronous county peak,real_2025,source_value,563180da9b4fd16012c14ddb974e76ce1f06dfdd8ca13816a2ac529901b91176
QX-00009,110,BDZ-00084,63,41.3,2025-07-05 21:24:00,-3.4,2025-07-25 23:13:00,net_load_no_pv_resubtraction,operating_2025,182,SRC01:变电站1,电网建模数据_Agent整合版_V1.2,select 2025 signed station annual extrema; do not sum extrema as synchronous county peak,real_2025,source_value,563180da9b4fd16012c14ddb974e76ce1f06dfdd8ca13816a2ac529901b91176
QX-00009,110,BDZ-00086,100,67.63,2025-03-09 20:45:00,-10.43,2025-03-16 12:25:00,net_load_no_pv_resubtraction,operating_2025,117,SRC01:变电站1,电网建模数据_Agent整合版_V1.2,select 2025 signed station annual extrema; do not sum extrema as synchronous county peak,real_2025,source_value,563180da9b4fd16012c14ddb974e76ce1f06dfdd8ca13816a2ac529901b91176
QX-00009,110,BDZ-00087,63,30.08,2025-12-25 02:10:00,0.49,2025-05-03 13:30:00,net_load_no_pv_resubtraction,operating_2025,121,SRC01:变电站1,电网建模数据_Agent整合版_V1.2,select 2025 signed station annual extrema; do not sum extrema as synchronous county peak,real_2025,source_value,563180da9b4fd16012c14ddb974e76ce1f06dfdd8ca13816a2ac529901b91176
QX-00009,110,BDZ-00091,113,70.23,2025-06-18 17:00:00,7.74,2025-10-19 11:45:00,net_load_no_pv_resubtraction,operating_2025,123,SRC01:变电站1,电网建模数据_Agent整合版_V1.2,select 2025 signed station annual extrema; do not sum extrema as synchronous county peak,real_2025,source_value,563180da9b4fd16012c14ddb974e76ce1f06dfdd8ca13816a2ac529901b91176
QX-00009,110,BDZ-00127,100,48.16,2025-07-05 22:15:00,-9.14,2025-04-22 12:35:00,net_load_no_pv_resubtraction,operating_2025,119,SRC01:变电站1,电网建模数据_Agent整合版_V1.2,select 2025 signed station annual extrema; do not sum extrema as synchronous county peak,real_2025,source_value,563180da9b4fd16012c14ddb974e76ce1f06dfdd8ca13816a2ac529901b91176
QX-00009,110,BDZ-00128,100,17.62,2025-10-23 18:18:00,-23.55,2025-09-13 11:38:00,net_load_no_pv_resubtraction,operating_2025,191,SRC01:变电站1,电网建模数据_Agent整合版_V1.2,select 2025 signed station annual extrema; do not sum extrema as synchronous county peak,real_2025,source_value,563180da9b4fd16012c14ddb974e76ce1f06dfdd8ca13816a2ac529901b91176
QX-00009,110,BDZ-00129,80,18.52,2025-12-05 00:10:00,-5.21,2025-09-09 12:40:00,net_load_no_pv_resubtraction,operating_2025,120,SRC01:变电站1,电网建模数据_Agent整合版_V1.2,select 2025 signed station annual extrema; do not sum extrema as synchronous county peak,real_2025,source_value,563180da9b4fd16012c14ddb974e76ce1f06dfdd8ca13816a2ac529901b91176
QX-00009,110,BDZ-00134,81.5,37.9,2025-08-21 22:21:00,-9.9,2025-05-11 12:53:00,net_load_no_pv_resubtraction,operating_2025,194,SRC01:变电站1,电网建模数据_Agent整合版_V1.2,select 2025 signed station annual extrema; do not sum extrema as synchronous county peak,real_2025,source_value,563180da9b4fd16012c14ddb974e76ce1f06dfdd8ca13816a2ac529901b91176
QX-00009,110,BDZ-00150,100,51.63,2025-08-21 20:35:00,4,2025-09-21 09:15:00,net_load_no_pv_resubtraction,operating_2025,122,SRC01:变电站1,电网建模数据_Agent整合版_V1.2,select 2025 signed station annual extrema; do not sum extrema as synchronous county peak,real_2025,source_value,563180da9b4fd16012c14ddb974e76ce1f06dfdd8ca13816a2ac529901b91176
QX-00009,110,BDZ-00159,40,30.28,2025-07-05 21:10:00,-21.65,2025-05-03 12:39:00,net_load_no_pv_resubtraction,operating_2025,203,SRC01:变电站1,电网建模数据_Agent整合版_V1.2,select 2025 signed station annual extrema; do not sum extrema as synchronous county peak,real_2025,source_value,563180da9b4fd16012c14ddb974e76ce1f06dfdd8ca13816a2ac529901b91176
QX-00009,110,BDZ-00176,113,66.11,2025-08-21 20:10:00,-24.73,2025-04-30 11:35:00,net_load_no_pv_resubtraction,operating_2025,114,SRC01:变电站1,电网建模数据_Agent整合版_V1.2,select 2025 signed station annual extrema; do not sum extrema as synchronous county peak,real_2025,source_value,563180da9b4fd16012c14ddb974e76ce1f06dfdd8ca13816a2ac529901b91176
QX-00009,110,BDZ-00178,100,52,2025-07-05 21:15:00,-15.4,2025-04-12 12:55:00,net_load_no_pv_resubtraction,operating_2025,116,SRC01:变电站1,电网建模数据_Agent整合版_V1.2,select 2025 signed station annual extrema; do not sum extrema as synchronous county peak,real_2025,source_value,563180da9b4fd16012c14ddb974e76ce1f06dfdd8ca13816a2ac529901b91176
QX-00009,110,BDZ-00180,40,27.9,2025-07-04 21:08:00,-26.16,2025-03-16 12:57:00,net_load_no_pv_resubtraction,operating_2025,211,SRC01:变电站1,电网建模数据_Agent整合版_V1.2,select 2025 signed station annual extrema; do not sum extrema as synchronous county peak,real_2025,source_value,563180da9b4fd16012c14ddb974e76ce1f06dfdd8ca13816a2ac529901b91176
QX-00010,35,BDZ-00245,36,18.83,2025-07-09 00:50:00,-18.61,2025-04-12 13:05:00,net_load_no_pv_resubtraction,operating_2025,235,SRC01:变电站1,电网建模数据_Agent整合版_V1.2,select 2025 signed station annual extrema; do not sum extrema as synchronous county peak,real_2025,source_value,563180da9b4fd16012c14ddb974e76ce1f06dfdd8ca13816a2ac529901b91176
QX-00010,35,BDZ-00260,36,22.7,2025-07-05 22:05:00,-29.5,2025-05-06 12:05:00,net_load_no_pv_resubtraction,operating_2025,232,SRC01:变电站1,电网建模数据_Agent整合版_V1.2,select 2025 signed station annual extrema; do not sum extrema as synchronous county peak,real_2025,source_value,563180da9b4fd16012c14ddb974e76ce1f06dfdd8ca13816a2ac529901b91176
QX-00010,35,BDZ-00295,30,10.84,2025-07-05 20:30:00,-16.23,2025-10-01 11:40:00,net_load_no_pv_resubtraction,operating_2025,233,SRC01:变电站1,电网建模数据_Agent整合版_V1.2,select 2025 signed station annual extrema; do not sum extrema as synchronous county peak,real_2025,source_value,563180da9b4fd16012c14ddb974e76ce1f06dfdd8ca13816a2ac529901b91176
QX-00010,35,BDZ-00304,10,3.97,2025-09-28 23:15:00,-3.97,2025-09-29 09:05:00,net_load_no_pv_resubtraction,operating_2025,237,SRC01:变电站1,电网建模数据_Agent整合版_V1.2,select 2025 signed station annual extrema; do not sum extrema as synchronous county peak,real_2025,source_value,563180da9b4fd16012c14ddb974e76ce1f06dfdd8ca13816a2ac529901b91176
QX-00010,35,BDZ-00306,40,17.56,2025-07-06 20:40:00,-19.76,2025-05-18 12:05:00,net_load_no_pv_resubtraction,operating_2025,234,SRC01:变电站1,电网建模数据_Agent整合版_V1.2,select 2025 signed station annual extrema; do not sum extrema as synchronous county peak,real_2025,source_value,563180da9b4fd16012c14ddb974e76ce1f06dfdd8ca13816a2ac529901b91176
QX-00010,35,BDZ-00307,40,29.91,2025-04-30 12:05:00,-16.8,2025-09-05 15:50:00,net_load_no_pv_resubtraction,operating_2025,236,SRC01:变电站1,电网建模数据_Agent整合版_V1.2,select 2025 signed station annual extrema; do not sum extrema as synchronous county peak,real_2025,source_value,563180da9b4fd16012c14ddb974e76ce1f06dfdd8ca13816a2ac529901b91176
QX-00010,110,BDZ-00009,81.5,22.99,2025-07-05 21:24:00,-34.32,2025-10-23 12:09:00,net_load_no_pv_resubtraction,operating_2025,101,SRC01:变电站1,电网建模数据_Agent整合版_V1.2,select 2025 signed station annual extrema; do not sum extrema as synchronous county peak,real_2025,source_value,563180da9b4fd16012c14ddb974e76ce1f06dfdd8ca13816a2ac529901b91176
QX-00010,110,BDZ-00011,100,24.82,2025-07-05 21:22:00,-26.35,2025-08-11 11:11:00,net_load_no_pv_resubtraction,operating_2025,165,SRC01:变电站1,电网建模数据_Agent整合版_V1.2,select 2025 signed station annual extrema; do not sum extrema as synchronous county peak,real_2025,source_value,563180da9b4fd16012c14ddb974e76ce1f06dfdd8ca13816a2ac529901b91176
QX-00010,110,BDZ-00035,70,28.24,2025-07-05 20:59:00,-33.6,2025-10-23 11:55:00,net_load_no_pv_resubtraction,operating_2025,171,SRC01:变电站1,电网建模数据_Agent整合版_V1.2,select 2025 signed station annual extrema; do not sum extrema as synchronous county peak,real_2025,source_value,563180da9b4fd16012c14ddb974e76ce1f06dfdd8ca13816a2ac529901b91176
QX-00010,110,BDZ-00044,100,22.02,2025-07-05 21:02:00,-35.13,2025-05-12 11:39:00,net_load_no_pv_resubtraction,operating_2025,173,SRC01:变电站1,电网建模数据_Agent整合版_V1.2,select 2025 signed station annual extrema; do not sum extrema as synchronous county peak,real_2025,source_value,563180da9b4fd16012c14ddb974e76ce1f06dfdd8ca13816a2ac529901b91176
QX-00010,110,BDZ-00049,81.5,43,2025-03-16 06:30:00,-20.66,2025-05-03 12:55:00,net_load_no_pv_resubtraction,operating_2025,104,SRC01:变电站1,电网建模数据_Agent整合版_V1.2,select 2025 signed station annual extrema; do not sum extrema as synchronous county peak,real_2025,source_value,563180da9b4fd16012c14ddb974e76ce1f06dfdd8ca13816a2ac529901b91176
QX-00010,110,BDZ-00054,113,55.78,2025-07-05 22:05:00,-80.16,2025-04-12 12:10:00,net_load_no_pv_resubtraction,operating_2025,97,SRC01:变电站1,电网建模数据_Agent整合版_V1.2,select 2025 signed station annual extrema; do not sum extrema as synchronous county peak,real_2025,source_value,563180da9b4fd16012c14ddb974e76ce1f06dfdd8ca13816a2ac529901b91176
QX-00010,110,BDZ-00089,143,51.16,2025-07-05 21:45:00,-3.26,2025-01-29 12:20:00,net_load_no_pv_resubtraction,operating_2025,105,SRC01:变电站1,电网建模数据_Agent整合版_V1.2,select 2025 signed station annual extrema; do not sum extrema as synchronous county peak,real_2025,source_value,563180da9b4fd16012c14ddb974e76ce1f06dfdd8ca13816a2ac529901b91176
QX-00010,110,BDZ-00090,100,27.45,2025-07-06 21:53:00,-17.87,2025-04-12 12:14:00,net_load_no_pv_resubtraction,operating_2025,183,SRC01:变电站1,电网建模数据_Agent整合版_V1.2,select 2025 signed station annual extrema; do not sum extrema as synchronous county peak,real_2025,source_value,563180da9b4fd16012c14ddb974e76ce1f06dfdd8ca13816a2ac529901b91176
QX-00010,110,BDZ-00097,100,33.06,2025-07-05 21:15:00,-31.38,2025-04-12 12:58:00,net_load_no_pv_resubtraction,operating_2025,186,SRC01:变电站1,电网建模数据_Agent整合版_V1.2,select 2025 signed station annual extrema; do not sum extrema as synchronous county peak,real_2025,source_value,563180da9b4fd16012c14ddb974e76ce1f06dfdd8ca13816a2ac529901b91176
QX-00010,110,BDZ-00099,113,40.59,2025-07-05 20:55:00,-37.37,2025-05-06 12:10:00,net_load_no_pv_resubtraction,operating_2025,103,SRC01:变电站1,电网建模数据_Agent整合版_V1.2,select 2025 signed station annual extrema; do not sum extrema as synchronous county peak,real_2025,source_value,563180da9b4fd16012c14ddb974e76ce1f06dfdd8ca13816a2ac529901b91176
QX-00010,110,BDZ-00108,100,59.39,2025-07-06 22:15:00,-63.42,2025-09-21 12:20:00,net_load_no_pv_resubtraction,operating_2025,98,SRC01:变电站1,电网建模数据_Agent整合版_V1.2,select 2025 signed station annual extrema; do not sum extrema as synchronous county peak,real_2025,source_value,563180da9b4fd16012c14ddb974e76ce1f06dfdd8ca13816a2ac529901b91176
QX-00010,110,BDZ-00109,100,61.4,2025-07-06 21:00:00,8.33,2025-04-06 12:10:00,net_load_no_pv_resubtraction,operating_2025,108,SRC01:变电站1,电网建模数据_Agent整合版_V1.2,select 2025 signed station annual extrema; do not sum extrema as synchronous county peak,real_2025,source_value,563180da9b4fd16012c14ddb974e76ce1f06dfdd8ca13816a2ac529901b91176
QX-00010,110,BDZ-00113,81.5,31.78,2025-07-05 21:05:00,-29.8,2025-05-10 10:55:00,net_load_no_pv_resubtraction,operating_2025,102,SRC01:变电站1,电网建模数据_Agent整合版_V1.2,select 2025 signed station annual extrema; do not sum extrema as synchronous county peak,real_2025,source_value,563180da9b4fd16012c14ddb974e76ce1f06dfdd8ca13816a2ac529901b91176
QX-00010,110,BDZ-00120,40,28.68,2025-08-21 19:27:00,-39.23,2025-07-30 13:32:00,net_load_no_pv_resubtraction,operating_2025,190,SRC01:变电站1,电网建模数据_Agent整合版_V1.2,select 2025 signed station annual extrema; do not sum extrema as synchronous county peak,real_2025,source_value,563180da9b4fd16012c14ddb974e76ce1f06dfdd8ca13816a2ac529901b91176
QX-00010,110,BDZ-00122,100,25.85,2025-07-16 00:30:00,-42.92,2025-08-11 11:50:00,net_load_no_pv_resubtraction,operating_2025,100,SRC01:变电站1,电网建模数据_Agent整合版_V1.2,select 2025 signed station annual extrema; do not sum extrema as synchronous county peak,real_2025,source_value,563180da9b4fd16012c14ddb974e76ce1f06dfdd8ca13816a2ac529901b91176
QX-00010,110,BDZ-00133,113,68.4,2025-01-09 20:25:00,5.81,2025-11-13 04:40:00,net_load_no_pv_resubtraction,operating_2025,110,SRC01:变电站1,电网建模数据_Agent整合版_V1.2,select 2025 signed station annual extrema; do not sum extrema as synchronous county peak,real_2025,source_value,563180da9b4fd16012c14ddb974e76ce1f06dfdd8ca13816a2ac529901b91176
QX-00010,110,BDZ-00160,100,68.83,2025-02-07 20:10:00,9.57,2025-04-07 04:20:00,net_load_no_pv_resubtraction,operating_2025,109,SRC01:变电站1,电网建模数据_Agent整合版_V1.2,select 2025 signed station annual extrema; do not sum extrema as synchronous county peak,real_2025,source_value,563180da9b4fd16012c14ddb974e76ce1f06dfdd8ca13816a2ac529901b91176
QX-00010,110,BDZ-00161,70,42.4,2025-07-06 20:45:00,-39.74,2025-04-25 12:15:00,net_load_no_pv_resubtraction,operating_2025,99,SRC01:变电站1,电网建模数据_Agent整合版_V1.2,select 2025 signed station annual extrema; do not sum extrema as synchronous county peak,real_2025,source_value,563180da9b4fd16012c14ddb974e76ce1f06dfdd8ca13816a2ac529901b91176
QX-00010,110,BDZ-00179,143,46.35,2025-09-11 11:40:00,7.33,2025-04-26 12:40:00,net_load_no_pv_resubtraction,operating_2025,107,SRC01:变电站1,电网建模数据_Agent整合版_V1.2,select 2025 signed station annual extrema; do not sum extrema as synchronous county peak,real_2025,source_value,563180da9b4fd16012c14ddb974e76ce1f06dfdd8ca13816a2ac529901b91176
QX-00010,110,BDZ-00185,143,33.24,2025-04-30 02:25:00,-3.71,2025-10-01 11:30:00,net_load_no_pv_resubtraction,operating_2025,106,SRC01:变电站1,电网建模数据_Agent整合版_V1.2,select 2025 signed station annual extrema; do not sum extrema as synchronous county peak,real_2025,source_value,563180da9b4fd16012c14ddb974e76ce1f06dfdd8ca13816a2ac529901b91176
