region_id,voltage_kv,network_node_id,mapping_status,matched_station_id,formal_boundary_node,source_ref,source_version,transformation,scenario_id,quality_flag,source_sha256
QX-00001,110,BDZ-00015,exact_same_region_110kv_station,BDZ-00015,False,network_lines_110kv.csv:endpoints+transformer_master.csv,电网建模数据_Agent整合版_V1.2,exact anonymized ID comparison only; unresolved nodes are not auto-promoted to boundaries,real_2025_internal_network_node_mapping,exact_match,78b6a476a4210567b65bb0c79647bfd8aee8d99aed60795a84c4cd864db56825
QX-00001,110,BDZ-00032,unresolved_nonstudy_or_boundary_candidate,,False,network_lines_110kv.csv:endpoints+transformer_master.csv,电网建模数据_Agent整合版_V1.2,exact anonymized ID comparison only; unresolved nodes are not auto-promoted to boundaries,real_2025_internal_network_node_mapping,mapping_review_required,78b6a476a4210567b65bb0c79647bfd8aee8d99aed60795a84c4cd864db56825
QX-00001,110,BDZ-00033,exact_same_region_110kv_station,BDZ-00033,False,network_lines_110kv.csv:endpoints+transformer_master.csv,电网建模数据_Agent整合版_V1.2,exact anonymized ID comparison only; unresolved nodes are not auto-promoted to boundaries,real_2025_internal_network_node_mapping,exact_match,78b6a476a4210567b65bb0c79647bfd8aee8d99aed60795a84c4cd864db56825
QX-00001,110,BDZ-00034,exact_same_region_110kv_station,BDZ-00034,False,network_lines_110kv.csv:endpoints+transformer_master.csv,电网建模数据_Agent整合版_V1.2,exact anonymized ID comparison only; unresolved nodes are not auto-promoted to boundaries,real_2025_internal_network_node_mapping,exact_match,78b6a476a4210567b65bb0c79647bfd8aee8d99aed60795a84c4cd864db56825
QX-00001,110,BDZ-00046,exact_same_region_110kv_station,BDZ-00046,False,network_lines_110kv.csv:endpoints+transformer_master.csv,电网建模数据_Agent整合版_V1.2,exact anonymized ID comparison only; unresolved nodes are not auto-promoted to boundaries,real_2025_internal_network_node_mapping,exact_match,78b6a476a4210567b65bb0c79647bfd8aee8d99aed60795a84c4cd864db56825
QX-00001,110,BDZ-00058,exact_same_region_110kv_station,BDZ-00058,False,network_lines_110kv.csv:endpoints+transformer_master.csv,电网建模数据_Agent整合版_V1.2,exact anonymized ID comparison only; unresolved nodes are not auto-promoted to boundaries,real_2025_internal_network_node_mapping,exact_match,78b6a476a4210567b65bb0c79647bfd8aee8d99aed60795a84c4cd864db56825
QX-00001,110,BDZ-00072,exact_same_region_110kv_station,BDZ-00072,False,network_lines_110kv.csv:endpoints+transformer_master.csv,电网建模数据_Agent整合版_V1.2,exact anonymized ID comparison only; unresolved nodes are not auto-promoted to boundaries,real_2025_internal_network_node_mapping,exact_match,78b6a476a4210567b65bb0c79647bfd8aee8d99aed60795a84c4cd864db56825
QX-00001,110,BDZ-00082,exact_id_but_region_conflict_requires_review,BDZ-00082,False,network_lines_110kv.csv:endpoints+transformer_master.csv,电网建模数据_Agent整合版_V1.2,exact anonymized ID comparison only; unresolved nodes are not auto-promoted to boundaries,real_2025_internal_network_node_mapping,mapping_review_required,78b6a476a4210567b65bb0c79647bfd8aee8d99aed60795a84c4cd864db56825
QX-00001,110,BDZ-00088,unresolved_nonstudy_or_boundary_candidate,,False,network_lines_110kv.csv:endpoints+transformer_master.csv,电网建模数据_Agent整合版_V1.2,exact anonymized ID comparison only; unresolved nodes are not auto-promoted to boundaries,real_2025_internal_network_node_mapping,mapping_review_required,78b6a476a4210567b65bb0c79647bfd8aee8d99aed60795a84c4cd864db56825
QX-00001,110,BDZ-00105,exact_same_region_110kv_station,BDZ-00105,False,network_lines_110kv.csv:endpoints+transformer_master.csv,电网建模数据_Agent整合版_V1.2,exact anonymized ID comparison only; unresolved nodes are not auto-promoted to boundaries,real_2025_internal_network_node_mapping,exact_match,78b6a476a4210567b65bb0c79647bfd8aee8d99aed60795a84c4cd864db56825
QX-00001,110,BDZ-00116,exact_same_region_110kv_station,BDZ-00116,False,network_lines_110kv.csv:endpoints+transformer_master.csv,电网建模数据_Agent整合版_V1.2,exact anonymized ID comparison only; unresolved nodes are not auto-promoted to boundaries,real_2025_internal_network_node_mapping,exact_match,78b6a476a4210567b65bb0c79647bfd8aee8d99aed60795a84c4cd864db56825
QX-00001,110,BDZ-00117,exact_same_region_110kv_station,BDZ-00117,False,network_lines_110kv.csv:endpoints+transformer_master.csv,电网建模数据_Agent整合版_V1.2,exact anonymized ID comparison only; unresolved nodes are not auto-promoted to boundaries,real_2025_internal_network_node_mapping,exact_match,78b6a476a4210567b65bb0c79647bfd8aee8d99aed60795a84c4cd864db56825
QX-00001,110,BDZ-00123,exact_same_region_110kv_station,BDZ-00123,False,network_lines_110kv.csv:endpoints+transformer_master.csv,电网建模数据_Agent整合版_V1.2,exact anonymized ID comparison only; unresolved nodes are not auto-promoted to boundaries,real_2025_internal_network_node_mapping,exact_match,78b6a476a4210567b65bb0c79647bfd8aee8d99aed60795a84c4cd864db56825
QX-00001,110,BDZ-00126,exact_same_region_110kv_station,BDZ-00126,False,network_lines_110kv.csv:endpoints+transformer_master.csv,电网建模数据_Agent整合版_V1.2,exact anonymized ID comparison only; unresolved nodes are not auto-promoted to boundaries,real_2025_internal_network_node_mapping,exact_match,78b6a476a4210567b65bb0c79647bfd8aee8d99aed60795a84c4cd864db56825
QX-00001,110,BDZ-00132,exact_same_region_110kv_station,BDZ-00132,False,network_lines_110kv.csv:endpoints+transformer_master.csv,电网建模数据_Agent整合版_V1.2,exact anonymized ID comparison only; unresolved nodes are not auto-promoted to boundaries,real_2025_internal_network_node_mapping,exact_match,78b6a476a4210567b65bb0c79647bfd8aee8d99aed60795a84c4cd864db56825
QX-00001,110,BDZ-00165,exact_same_region_110kv_station,BDZ-00165,False,network_lines_110kv.csv:endpoints+transformer_master.csv,电网建模数据_Agent整合版_V1.2,exact anonymized ID comparison only; unresolved nodes are not auto-promoted to boundaries,real_2025_internal_network_node_mapping,exact_match,78b6a476a4210567b65bb0c79647bfd8aee8d99aed60795a84c4cd864db56825
QX-00001,110,BDZ-00174,exact_same_region_110kv_station,BDZ-00174,False,network_lines_110kv.csv:endpoints+transformer_master.csv,电网建模数据_Agent整合版_V1.2,exact anonymized ID comparison only; unresolved nodes are not auto-promoted to boundaries,real_2025_internal_network_node_mapping,exact_match,78b6a476a4210567b65bb0c79647bfd8aee8d99aed60795a84c4cd864db56825
QX-00001,110,BDZ-00177,exact_same_region_110kv_station,BDZ-00177,False,network_lines_110kv.csv:endpoints+transformer_master.csv,电网建模数据_Agent整合版_V1.2,exact anonymized ID comparison only; unresolved nodes are not auto-promoted to boundaries,real_2025_internal_network_node_mapping,exact_match,78b6a476a4210567b65bb0c79647bfd8aee8d99aed60795a84c4cd864db56825
QX-00001,110,BDZ-00188,unresolved_nonstudy_or_boundary_candidate,,False,network_lines_110kv.csv:endpoints+transformer_master.csv,电网建模数据_Agent整合版_V1.2,exact anonymized ID comparison only; unresolved nodes are not auto-promoted to boundaries,real_2025_internal_network_node_mapping,mapping_review_required,78b6a476a4210567b65bb0c79647bfd8aee8d99aed60795a84c4cd864db56825
QX-00001,110,BDZ-00190,unresolved_nonstudy_or_boundary_candidate,,False,network_lines_110kv.csv:endpoints+transformer_master.csv,电网建模数据_Agent整合版_V1.2,exact anonymized ID comparison only; unresolved nodes are not auto-promoted to boundaries,real_2025_internal_network_node_mapping,mapping_review_required,78b6a476a4210567b65bb0c79647bfd8aee8d99aed60795a84c4cd864db56825
QX-00001,110,BDZ-00193,unresolved_nonstudy_or_boundary_candidate,,False,network_lines_110kv.csv:endpoints+transformer_master.csv,电网建模数据_Agent整合版_V1.2,exact anonymized ID comparison only; unresolved nodes are not auto-promoted to boundaries,real_2025_internal_network_node_mapping,mapping_review_required,78b6a476a4210567b65bb0c79647bfd8aee8d99aed60795a84c4cd864db56825
QX-00001,110,BDZ-00197,unresolved_nonstudy_or_boundary_candidate,,False,network_lines_110kv.csv:endpoints+transformer_master.csv,电网建模数据_Agent整合版_V1.2,exact anonymized ID comparison only; unresolved nodes are not auto-promoted to boundaries,real_2025_internal_network_node_mapping,mapping_review_required,78b6a476a4210567b65bb0c79647bfd8aee8d99aed60795a84c4cd864db56825
QX-00001,110,BDZ-00208,unresolved_nonstudy_or_boundary_candidate,,False,network_lines_110kv.csv:endpoints+transformer_master.csv,电网建模数据_Agent整合版_V1.2,exact anonymized ID comparison only; unresolved nodes are not auto-promoted to boundaries,real_2025_internal_network_node_mapping,mapping_review_required,78b6a476a4210567b65bb0c79647bfd8aee8d99aed60795a84c4cd864db56825
QX-00001,110,BDZ-00339,unresolved_nonstudy_or_boundary_candidate,,False,network_lines_110kv.csv:endpoints+transformer_master.csv,电网建模数据_Agent整合版_V1.2,exact anonymized ID comparison only; unresolved nodes are not auto-promoted to boundaries,real_2025_internal_network_node_mapping,mapping_review_required,78b6a476a4210567b65bb0c79647bfd8aee8d99aed60795a84c4cd864db56825
QX-00003,110,BDZ-00007,exact_same_region_110kv_station,BDZ-00007,False,network_lines_110kv.csv:endpoints+transformer_master.csv,电网建模数据_Agent整合版_V1.2,exact anonymized ID comparison only; unresolved nodes are not auto-promoted to boundaries,real_2025_internal_network_node_mapping,exact_match,78b6a476a4210567b65bb0c79647bfd8aee8d99aed60795a84c4cd864db56825
QX-00003,110,BDZ-00017,exact_same_region_110kv_station,BDZ-00017,False,network_lines_110kv.csv:endpoints+transformer_master.csv,电网建模数据_Agent整合版_V1.2,exact anonymized ID comparison only; unresolved nodes are not auto-promoted to boundaries,real_2025_internal_network_node_mapping,exact_match,78b6a476a4210567b65bb0c79647bfd8aee8d99aed60795a84c4cd864db56825
QX-00003,110,BDZ-00019,exact_same_region_110kv_station,BDZ-00019,False,network_lines_110kv.csv:endpoints+transformer_master.csv,电网建模数据_Agent整合版_V1.2,exact anonymized ID comparison only; unresolved nodes are not auto-promoted to boundaries,real_2025_internal_network_node_mapping,exact_match,78b6a476a4210567b65bb0c79647bfd8aee8d99aed60795a84c4cd864db56825
QX-00003,110,BDZ-00025,exact_same_region_110kv_station,BDZ-00025,False,network_lines_110kv.csv:endpoints+transformer_master.csv,电网建模数据_Agent整合版_V1.2,exact anonymized ID comparison only; unresolved nodes are not auto-promoted to boundaries,real_2025_internal_network_node_mapping,exact_match,78b6a476a4210567b65bb0c79647bfd8aee8d99aed60795a84c4cd864db56825
QX-00003,110,BDZ-00060,exact_same_region_110kv_station,BDZ-00060,False,network_lines_110kv.csv:endpoints+transformer_master.csv,电网建模数据_Agent整合版_V1.2,exact anonymized ID comparison only; unresolved nodes are not auto-promoted to boundaries,real_2025_internal_network_node_mapping,exact_match,78b6a476a4210567b65bb0c79647bfd8aee8d99aed60795a84c4cd864db56825
QX-00003,110,BDZ-00101,exact_same_region_110kv_station,BDZ-00101,False,network_lines_110kv.csv:endpoints+transformer_master.csv,电网建模数据_Agent整合版_V1.2,exact anonymized ID comparison only; unresolved nodes are not auto-promoted to boundaries,real_2025_internal_network_node_mapping,exact_match,78b6a476a4210567b65bb0c79647bfd8aee8d99aed60795a84c4cd864db56825
QX-00003,110,BDZ-00153,exact_same_region_110kv_station,BDZ-00153,False,network_lines_110kv.csv:endpoints+transformer_master.csv,电网建模数据_Agent整合版_V1.2,exact anonymized ID comparison only; unresolved nodes are not auto-promoted to boundaries,real_2025_internal_network_node_mapping,exact_match,78b6a476a4210567b65bb0c79647bfd8aee8d99aed60795a84c4cd864db56825
QX-00003,110,BDZ-00158,exact_same_region_110kv_station,BDZ-00158,False,network_lines_110kv.csv:endpoints+transformer_master.csv,电网建模数据_Agent整合版_V1.2,exact anonymized ID comparison only; unresolved nodes are not auto-promoted to boundaries,real_2025_internal_network_node_mapping,exact_match,78b6a476a4210567b65bb0c79647bfd8aee8d99aed60795a84c4cd864db56825
QX-00003,110,BDZ-00183,exact_same_region_110kv_station,BDZ-00183,False,network_lines_110kv.csv:endpoints+transformer_master.csv,电网建模数据_Agent整合版_V1.2,exact anonymized ID comparison only; unresolved nodes are not auto-promoted to boundaries,real_2025_internal_network_node_mapping,exact_match,78b6a476a4210567b65bb0c79647bfd8aee8d99aed60795a84c4cd864db56825
QX-00003,110,BDZ-00192,unresolved_nonstudy_or_boundary_candidate,,False,network_lines_110kv.csv:endpoints+transformer_master.csv,电网建模数据_Agent整合版_V1.2,exact anonymized ID comparison only; unresolved nodes are not auto-promoted to boundaries,real_2025_internal_network_node_mapping,mapping_review_required,78b6a476a4210567b65bb0c79647bfd8aee8d99aed60795a84c4cd864db56825
QX-00003,110,BDZ-00204,unresolved_nonstudy_or_boundary_candidate,,False,network_lines_110kv.csv:endpoints+transformer_master.csv,电网建模数据_Agent整合版_V1.2,exact anonymized ID comparison only; unresolved nodes are not auto-promoted to boundaries,real_2025_internal_network_node_mapping,mapping_review_required,78b6a476a4210567b65bb0c79647bfd8aee8d99aed60795a84c4cd864db56825
QX-00003,110,BDZ-00210,unresolved_nonstudy_or_boundary_candidate,,False,network_lines_110kv.csv:endpoints+transformer_master.csv,电网建模数据_Agent整合版_V1.2,exact anonymized ID comparison only; unresolved nodes are not auto-promoted to boundaries,real_2025_internal_network_node_mapping,mapping_review_required,78b6a476a4210567b65bb0c79647bfd8aee8d99aed60795a84c4cd864db56825
QX-00003,110,BDZ-00211,unresolved_nonstudy_or_boundary_candidate,,False,network_lines_110kv.csv:endpoints+transformer_master.csv,电网建模数据_Agent整合版_V1.2,exact anonymized ID comparison only; unresolved nodes are not auto-promoted to boundaries,real_2025_internal_network_node_mapping,mapping_review_required,78b6a476a4210567b65bb0c79647bfd8aee8d99aed60795a84c4cd864db56825
QX-00003,110,BDZ-00239,unresolved_nonstudy_or_boundary_candidate,,False,network_lines_110kv.csv:endpoints+transformer_master.csv,电网建模数据_Agent整合版_V1.2,exact anonymized ID comparison only; unresolved nodes are not auto-promoted to boundaries,real_2025_internal_network_node_mapping,mapping_review_required,78b6a476a4210567b65bb0c79647bfd8aee8d99aed60795a84c4cd864db56825
QX-00003,110,BDZ-00374,unresolved_nonstudy_or_boundary_candidate,,False,network_lines_110kv.csv:endpoints+transformer_master.csv,电网建模数据_Agent整合版_V1.2,exact anonymized ID comparison only; unresolved nodes are not auto-promoted to boundaries,real_2025_internal_network_node_mapping,mapping_review_required,78b6a476a4210567b65bb0c79647bfd8aee8d99aed60795a84c4cd864db56825
QX-00004,110,BDZ-00001,exact_same_region_110kv_station,BDZ-00001,False,network_lines_110kv.csv:endpoints+transformer_master.csv,电网建模数据_Agent整合版_V1.2,exact anonymized ID comparison only; unresolved nodes are not auto-promoted to boundaries,real_2025_internal_network_node_mapping,exact_match,78b6a476a4210567b65bb0c79647bfd8aee8d99aed60795a84c4cd864db56825
QX-00004,110,BDZ-00002,exact_same_region_110kv_station,BDZ-00002,False,network_lines_110kv.csv:endpoints+transformer_master.csv,电网建模数据_Agent整合版_V1.2,exact anonymized ID comparison only; unresolved nodes are not auto-promoted to boundaries,real_2025_internal_network_node_mapping,exact_match,78b6a476a4210567b65bb0c79647bfd8aee8d99aed60795a84c4cd864db56825
QX-00004,110,BDZ-00008,exact_same_region_110kv_station,BDZ-00008,False,network_lines_110kv.csv:endpoints+transformer_master.csv,电网建模数据_Agent整合版_V1.2,exact anonymized ID comparison only; unresolved nodes are not auto-promoted to boundaries,real_2025_internal_network_node_mapping,exact_match,78b6a476a4210567b65bb0c79647bfd8aee8d99aed60795a84c4cd864db56825
QX-00004,110,BDZ-00029,exact_same_region_110kv_station,BDZ-00029,False,network_lines_110kv.csv:endpoints+transformer_master.csv,电网建模数据_Agent整合版_V1.2,exact anonymized ID comparison only; unresolved nodes are not auto-promoted to boundaries,real_2025_internal_network_node_mapping,exact_match,78b6a476a4210567b65bb0c79647bfd8aee8d99aed60795a84c4cd864db56825
QX-00004,110,BDZ-00041,exact_same_region_110kv_station,BDZ-00041,False,network_lines_110kv.csv:endpoints+transformer_master.csv,电网建模数据_Agent整合版_V1.2,exact anonymized ID comparison only; unresolved nodes are not auto-promoted to boundaries,real_2025_internal_network_node_mapping,exact_match,78b6a476a4210567b65bb0c79647bfd8aee8d99aed60795a84c4cd864db56825
QX-00004,110,BDZ-00047,exact_same_region_110kv_station,BDZ-00047,False,network_lines_110kv.csv:endpoints+transformer_master.csv,电网建模数据_Agent整合版_V1.2,exact anonymized ID comparison only; unresolved nodes are not auto-promoted to boundaries,real_2025_internal_network_node_mapping,exact_match,78b6a476a4210567b65bb0c79647bfd8aee8d99aed60795a84c4cd864db56825
QX-00004,110,BDZ-00061,exact_same_region_110kv_station,BDZ-00061,False,network_lines_110kv.csv:endpoints+transformer_master.csv,电网建模数据_Agent整合版_V1.2,exact anonymized ID comparison only; unresolved nodes are not auto-promoted to boundaries,real_2025_internal_network_node_mapping,exact_match,78b6a476a4210567b65bb0c79647bfd8aee8d99aed60795a84c4cd864db56825
QX-00004,110,BDZ-00064,exact_same_region_110kv_station,BDZ-00064,False,network_lines_110kv.csv:endpoints+transformer_master.csv,电网建模数据_Agent整合版_V1.2,exact anonymized ID comparison only; unresolved nodes are not auto-promoted to boundaries,real_2025_internal_network_node_mapping,exact_match,78b6a476a4210567b65bb0c79647bfd8aee8d99aed60795a84c4cd864db56825
QX-00004,110,BDZ-00075,exact_same_region_110kv_station,BDZ-00075,False,network_lines_110kv.csv:endpoints+transformer_master.csv,电网建模数据_Agent整合版_V1.2,exact anonymized ID comparison only; unresolved nodes are not auto-promoted to boundaries,real_2025_internal_network_node_mapping,exact_match,78b6a476a4210567b65bb0c79647bfd8aee8d99aed60795a84c4cd864db56825
QX-00004,110,BDZ-00082,exact_same_region_110kv_station,BDZ-00082,False,network_lines_110kv.csv:endpoints+transformer_master.csv,电网建模数据_Agent整合版_V1.2,exact anonymized ID comparison only; unresolved nodes are not auto-promoted to boundaries,real_2025_internal_network_node_mapping,exact_match,78b6a476a4210567b65bb0c79647bfd8aee8d99aed60795a84c4cd864db56825
QX-00004,110,BDZ-00083,exact_same_region_110kv_station,BDZ-00083,False,network_lines_110kv.csv:endpoints+transformer_master.csv,电网建模数据_Agent整合版_V1.2,exact anonymized ID comparison only; unresolved nodes are not auto-promoted to boundaries,real_2025_internal_network_node_mapping,exact_match,78b6a476a4210567b65bb0c79647bfd8aee8d99aed60795a84c4cd864db56825
QX-00004,110,BDZ-00093,exact_same_region_110kv_station,BDZ-00093,False,network_lines_110kv.csv:endpoints+transformer_master.csv,电网建模数据_Agent整合版_V1.2,exact anonymized ID comparison only; unresolved nodes are not auto-promoted to boundaries,real_2025_internal_network_node_mapping,exact_match,78b6a476a4210567b65bb0c79647bfd8aee8d99aed60795a84c4cd864db56825
QX-00004,110,BDZ-00098,exact_same_region_110kv_station,BDZ-00098,False,network_lines_110kv.csv:endpoints+transformer_master.csv,电网建模数据_Agent整合版_V1.2,exact anonymized ID comparison only; unresolved nodes are not auto-promoted to boundaries,real_2025_internal_network_node_mapping,exact_match,78b6a476a4210567b65bb0c79647bfd8aee8d99aed60795a84c4cd864db56825
QX-00004,110,BDZ-00130,exact_same_region_110kv_station,BDZ-00130,False,network_lines_110kv.csv:endpoints+transformer_master.csv,电网建模数据_Agent整合版_V1.2,exact anonymized ID comparison only; unresolved nodes are not auto-promoted to boundaries,real_2025_internal_network_node_mapping,exact_match,78b6a476a4210567b65bb0c79647bfd8aee8d99aed60795a84c4cd864db56825
QX-00004,110,BDZ-00140,exact_same_region_110kv_station,BDZ-00140,False,network_lines_110kv.csv:endpoints+transformer_master.csv,电网建模数据_Agent整合版_V1.2,exact anonymized ID comparison only; unresolved nodes are not auto-promoted to boundaries,real_2025_internal_network_node_mapping,exact_match,78b6a476a4210567b65bb0c79647bfd8aee8d99aed60795a84c4cd864db56825
QX-00004,110,BDZ-00149,exact_same_region_110kv_station,BDZ-00149,False,network_lines_110kv.csv:endpoints+transformer_master.csv,电网建模数据_Agent整合版_V1.2,exact anonymized ID comparison only; unresolved nodes are not auto-promoted to boundaries,real_2025_internal_network_node_mapping,exact_match,78b6a476a4210567b65bb0c79647bfd8aee8d99aed60795a84c4cd864db56825
QX-00004,110,BDZ-00152,exact_same_region_110kv_station,BDZ-00152,False,network_lines_110kv.csv:endpoints+transformer_master.csv,电网建模数据_Agent整合版_V1.2,exact anonymized ID comparison only; unresolved nodes are not auto-promoted to boundaries,real_2025_internal_network_node_mapping,exact_match,78b6a476a4210567b65bb0c79647bfd8aee8d99aed60795a84c4cd864db56825
QX-00004,110,BDZ-00169,exact_same_region_110kv_station,BDZ-00169,False,network_lines_110kv.csv:endpoints+transformer_master.csv,电网建模数据_Agent整合版_V1.2,exact anonymized ID comparison only; unresolved nodes are not auto-promoted to boundaries,real_2025_internal_network_node_mapping,exact_match,78b6a476a4210567b65bb0c79647bfd8aee8d99aed60795a84c4cd864db56825
QX-00004,110,BDZ-00181,exact_same_region_110kv_station,BDZ-00181,False,network_lines_110kv.csv:endpoints+transformer_master.csv,电网建模数据_Agent整合版_V1.2,exact anonymized ID comparison only; unresolved nodes are not auto-promoted to boundaries,real_2025_internal_network_node_mapping,exact_match,78b6a476a4210567b65bb0c79647bfd8aee8d99aed60795a84c4cd864db56825
QX-00004,110,BDZ-00182,exact_same_region_110kv_station,BDZ-00182,False,network_lines_110kv.csv:endpoints+transformer_master.csv,电网建模数据_Agent整合版_V1.2,exact anonymized ID comparison only; unresolved nodes are not auto-promoted to boundaries,real_2025_internal_network_node_mapping,exact_match,78b6a476a4210567b65bb0c79647bfd8aee8d99aed60795a84c4cd864db56825
QX-00004,110,BDZ-00196,unresolved_nonstudy_or_boundary_candidate,,False,network_lines_110kv.csv:endpoints+transformer_master.csv,电网建模数据_Agent整合版_V1.2,exact anonymized ID comparison only; unresolved nodes are not auto-promoted to boundaries,real_2025_internal_network_node_mapping,mapping_review_required,78b6a476a4210567b65bb0c79647bfd8aee8d99aed60795a84c4cd864db56825
QX-00004,110,BDZ-00206,unresolved_nonstudy_or_boundary_candidate,,False,network_lines_110kv.csv:endpoints+transformer_master.csv,电网建模数据_Agent整合版_V1.2,exact anonymized ID comparison only; unresolved nodes are not auto-promoted to boundaries,real_2025_internal_network_node_mapping,mapping_review_required,78b6a476a4210567b65bb0c79647bfd8aee8d99aed60795a84c4cd864db56825
QX-00004,110,BDZ-00208,unresolved_nonstudy_or_boundary_candidate,,False,network_lines_110kv.csv:endpoints+transformer_master.csv,电网建模数据_Agent整合版_V1.2,exact anonymized ID comparison only; unresolved nodes are not auto-promoted to boundaries,real_2025_internal_network_node_mapping,mapping_review_required,78b6a476a4210567b65bb0c79647bfd8aee8d99aed60795a84c4cd864db56825
QX-00004,110,BDZ-00213,unresolved_nonstudy_or_boundary_candidate,,False,network_lines_110kv.csv:endpoints+transformer_master.csv,电网建模数据_Agent整合版_V1.2,exact anonymized ID comparison only; unresolved nodes are not auto-promoted to boundaries,real_2025_internal_network_node_mapping,mapping_review_required,78b6a476a4210567b65bb0c79647bfd8aee8d99aed60795a84c4cd864db56825
QX-00004,110,BDZ-00227,unresolved_nonstudy_or_boundary_candidate,,False,network_lines_110kv.csv:endpoints+transformer_master.csv,电网建模数据_Agent整合版_V1.2,exact anonymized ID comparison only; unresolved nodes are not auto-promoted to boundaries,real_2025_internal_network_node_mapping,mapping_review_required,78b6a476a4210567b65bb0c79647bfd8aee8d99aed60795a84c4cd864db56825
QX-00004,110,BDZ-00229,unresolved_nonstudy_or_boundary_candidate,,False,network_lines_110kv.csv:endpoints+transformer_master.csv,电网建模数据_Agent整合版_V1.2,exact anonymized ID comparison only; unresolved nodes are not auto-promoted to boundaries,real_2025_internal_network_node_mapping,mapping_review_required,78b6a476a4210567b65bb0c79647bfd8aee8d99aed60795a84c4cd864db56825
QX-00004,110,BDZ-00232,unresolved_nonstudy_or_boundary_candidate,,False,network_lines_110kv.csv:endpoints+transformer_master.csv,电网建模数据_Agent整合版_V1.2,exact anonymized ID comparison only; unresolved nodes are not auto-promoted to boundaries,real_2025_internal_network_node_mapping,mapping_review_required,78b6a476a4210567b65bb0c79647bfd8aee8d99aed60795a84c4cd864db56825
QX-00004,110,BDZ-00236,unresolved_nonstudy_or_boundary_candidate,,False,network_lines_110kv.csv:endpoints+transformer_master.csv,电网建模数据_Agent整合版_V1.2,exact anonymized ID comparison only; unresolved nodes are not auto-promoted to boundaries,real_2025_internal_network_node_mapping,mapping_review_required,78b6a476a4210567b65bb0c79647bfd8aee8d99aed60795a84c4cd864db56825
QX-00004,110,BDZ-00243,unresolved_nonstudy_or_boundary_candidate,,False,network_lines_110kv.csv:endpoints+transformer_master.csv,电网建模数据_Agent整合版_V1.2,exact anonymized ID comparison only; unresolved nodes are not auto-promoted to boundaries,real_2025_internal_network_node_mapping,mapping_review_required,78b6a476a4210567b65bb0c79647bfd8aee8d99aed60795a84c4cd864db56825
QX-00004,110,BDZ-00382,unresolved_nonstudy_or_boundary_candidate,,False,network_lines_110kv.csv:endpoints+transformer_master.csv,电网建模数据_Agent整合版_V1.2,exact anonymized ID comparison only; unresolved nodes are not auto-promoted to boundaries,real_2025_internal_network_node_mapping,mapping_review_required,78b6a476a4210567b65bb0c79647bfd8aee8d99aed60795a84c4cd864db56825
QX-00005,110,BDZ-00005,exact_same_region_110kv_station,BDZ-00005,False,network_lines_110kv.csv:endpoints+transformer_master.csv,电网建模数据_Agent整合版_V1.2,exact anonymized ID comparison only; unresolved nodes are not auto-promoted to boundaries,real_2025_internal_network_node_mapping,exact_match,78b6a476a4210567b65bb0c79647bfd8aee8d99aed60795a84c4cd864db56825
QX-00005,110,BDZ-00007,exact_id_but_region_conflict_requires_review,BDZ-00007,False,network_lines_110kv.csv:endpoints+transformer_master.csv,电网建模数据_Agent整合版_V1.2,exact anonymized ID comparison only; unresolved nodes are not auto-promoted to boundaries,real_2025_internal_network_node_mapping,mapping_review_required,78b6a476a4210567b65bb0c79647bfd8aee8d99aed60795a84c4cd864db56825
QX-00005,110,BDZ-00016,exact_same_region_110kv_station,BDZ-00016,False,network_lines_110kv.csv:endpoints+transformer_master.csv,电网建模数据_Agent整合版_V1.2,exact anonymized ID comparison only; unresolved nodes are not auto-promoted to boundaries,real_2025_internal_network_node_mapping,exact_match,78b6a476a4210567b65bb0c79647bfd8aee8d99aed60795a84c4cd864db56825
QX-00005,110,BDZ-00021,exact_same_region_110kv_station,BDZ-00021,False,network_lines_110kv.csv:endpoints+transformer_master.csv,电网建模数据_Agent整合版_V1.2,exact anonymized ID comparison only; unresolved nodes are not auto-promoted to boundaries,real_2025_internal_network_node_mapping,exact_match,78b6a476a4210567b65bb0c79647bfd8aee8d99aed60795a84c4cd864db56825
QX-00005,110,BDZ-00022,exact_same_region_110kv_station,BDZ-00022,False,network_lines_110kv.csv:endpoints+transformer_master.csv,电网建模数据_Agent整合版_V1.2,exact anonymized ID comparison only; unresolved nodes are not auto-promoted to boundaries,real_2025_internal_network_node_mapping,exact_match,78b6a476a4210567b65bb0c79647bfd8aee8d99aed60795a84c4cd864db56825
QX-00005,110,BDZ-00026,exact_same_region_110kv_station,BDZ-00026,False,network_lines_110kv.csv:endpoints+transformer_master.csv,电网建模数据_Agent整合版_V1.2,exact anonymized ID comparison only; unresolved nodes are not auto-promoted to boundaries,real_2025_internal_network_node_mapping,exact_match,78b6a476a4210567b65bb0c79647bfd8aee8d99aed60795a84c4cd864db56825
QX-00005,110,BDZ-00027,exact_same_region_110kv_station,BDZ-00027,False,network_lines_110kv.csv:endpoints+transformer_master.csv,电网建模数据_Agent整合版_V1.2,exact anonymized ID comparison only; unresolved nodes are not auto-promoted to boundaries,real_2025_internal_network_node_mapping,exact_match,78b6a476a4210567b65bb0c79647bfd8aee8d99aed60795a84c4cd864db56825
QX-00005,110,BDZ-00028,exact_same_region_110kv_station,BDZ-00028,False,network_lines_110kv.csv:endpoints+transformer_master.csv,电网建模数据_Agent整合版_V1.2,exact anonymized ID comparison only; unresolved nodes are not auto-promoted to boundaries,real_2025_internal_network_node_mapping,exact_match,78b6a476a4210567b65bb0c79647bfd8aee8d99aed60795a84c4cd864db56825
QX-00005,110,BDZ-00031,exact_same_region_110kv_station,BDZ-00031,False,network_lines_110kv.csv:endpoints+transformer_master.csv,电网建模数据_Agent整合版_V1.2,exact anonymized ID comparison only; unresolved nodes are not auto-promoted to boundaries,real_2025_internal_network_node_mapping,exact_match,78b6a476a4210567b65bb0c79647bfd8aee8d99aed60795a84c4cd864db56825
QX-00005,110,BDZ-00037,exact_same_region_110kv_station,BDZ-00037,False,network_lines_110kv.csv:endpoints+transformer_master.csv,电网建模数据_Agent整合版_V1.2,exact anonymized ID comparison only; unresolved nodes are not auto-promoted to boundaries,real_2025_internal_network_node_mapping,exact_match,78b6a476a4210567b65bb0c79647bfd8aee8d99aed60795a84c4cd864db56825
QX-00005,110,BDZ-00048,exact_same_region_110kv_station,BDZ-00048,False,network_lines_110kv.csv:endpoints+transformer_master.csv,电网建模数据_Agent整合版_V1.2,exact anonymized ID comparison only; unresolved nodes are not auto-promoted to boundaries,real_2025_internal_network_node_mapping,exact_match,78b6a476a4210567b65bb0c79647bfd8aee8d99aed60795a84c4cd864db56825
QX-00005,110,BDZ-00056,exact_same_region_110kv_station,BDZ-00056,False,network_lines_110kv.csv:endpoints+transformer_master.csv,电网建模数据_Agent整合版_V1.2,exact anonymized ID comparison only; unresolved nodes are not auto-promoted to boundaries,real_2025_internal_network_node_mapping,exact_match,78b6a476a4210567b65bb0c79647bfd8aee8d99aed60795a84c4cd864db56825
QX-00005,110,BDZ-00078,unresolved_nonstudy_or_boundary_candidate,,False,network_lines_110kv.csv:endpoints+transformer_master.csv,电网建模数据_Agent整合版_V1.2,exact anonymized ID comparison only; unresolved nodes are not auto-promoted to boundaries,real_2025_internal_network_node_mapping,mapping_review_required,78b6a476a4210567b65bb0c79647bfd8aee8d99aed60795a84c4cd864db56825
QX-00005,110,BDZ-00095,exact_same_region_110kv_station,BDZ-00095,False,network_lines_110kv.csv:endpoints+transformer_master.csv,电网建模数据_Agent整合版_V1.2,exact anonymized ID comparison only; unresolved nodes are not auto-promoted to boundaries,real_2025_internal_network_node_mapping,exact_match,78b6a476a4210567b65bb0c79647bfd8aee8d99aed60795a84c4cd864db56825
QX-00005,110,BDZ-00096,exact_same_region_110kv_station,BDZ-00096,False,network_lines_110kv.csv:endpoints+transformer_master.csv,电网建模数据_Agent整合版_V1.2,exact anonymized ID comparison only; unresolved nodes are not auto-promoted to boundaries,real_2025_internal_network_node_mapping,exact_match,78b6a476a4210567b65bb0c79647bfd8aee8d99aed60795a84c4cd864db56825
QX-00005,110,BDZ-00124,exact_same_region_110kv_station,BDZ-00124,False,network_lines_110kv.csv:endpoints+transformer_master.csv,电网建模数据_Agent整合版_V1.2,exact anonymized ID comparison only; unresolved nodes are not auto-promoted to boundaries,real_2025_internal_network_node_mapping,exact_match,78b6a476a4210567b65bb0c79647bfd8aee8d99aed60795a84c4cd864db56825
QX-00005,110,BDZ-00135,exact_same_region_110kv_station,BDZ-00135,False,network_lines_110kv.csv:endpoints+transformer_master.csv,电网建模数据_Agent整合版_V1.2,exact anonymized ID comparison only; unresolved nodes are not auto-promoted to boundaries,real_2025_internal_network_node_mapping,exact_match,78b6a476a4210567b65bb0c79647bfd8aee8d99aed60795a84c4cd864db56825
QX-00005,110,BDZ-00141,exact_same_region_110kv_station,BDZ-00141,False,network_lines_110kv.csv:endpoints+transformer_master.csv,电网建模数据_Agent整合版_V1.2,exact anonymized ID comparison only; unresolved nodes are not auto-promoted to boundaries,real_2025_internal_network_node_mapping,exact_match,78b6a476a4210567b65bb0c79647bfd8aee8d99aed60795a84c4cd864db56825
QX-00005,110,BDZ-00146,exact_same_region_110kv_station,BDZ-00146,False,network_lines_110kv.csv:endpoints+transformer_master.csv,电网建模数据_Agent整合版_V1.2,exact anonymized ID comparison only; unresolved nodes are not auto-promoted to boundaries,real_2025_internal_network_node_mapping,exact_match,78b6a476a4210567b65bb0c79647bfd8aee8d99aed60795a84c4cd864db56825
QX-00005,110,BDZ-00147,exact_same_region_110kv_station,BDZ-00147,False,network_lines_110kv.csv:endpoints+transformer_master.csv,电网建模数据_Agent整合版_V1.2,exact anonymized ID comparison only; unresolved nodes are not auto-promoted to boundaries,real_2025_internal_network_node_mapping,exact_match,78b6a476a4210567b65bb0c79647bfd8aee8d99aed60795a84c4cd864db56825
QX-00005,110,BDZ-00162,exact_same_region_110kv_station,BDZ-00162,False,network_lines_110kv.csv:endpoints+transformer_master.csv,电网建模数据_Agent整合版_V1.2,exact anonymized ID comparison only; unresolved nodes are not auto-promoted to boundaries,real_2025_internal_network_node_mapping,exact_match,78b6a476a4210567b65bb0c79647bfd8aee8d99aed60795a84c4cd864db56825
QX-00005,110,BDZ-00164,exact_same_region_110kv_station,BDZ-00164,False,network_lines_110kv.csv:endpoints+transformer_master.csv,电网建模数据_Agent整合版_V1.2,exact anonymized ID comparison only; unresolved nodes are not auto-promoted to boundaries,real_2025_internal_network_node_mapping,exact_match,78b6a476a4210567b65bb0c79647bfd8aee8d99aed60795a84c4cd864db56825
QX-00005,110,BDZ-00167,unresolved_nonstudy_or_boundary_candidate,,False,network_lines_110kv.csv:endpoints+transformer_master.csv,电网建模数据_Agent整合版_V1.2,exact anonymized ID comparison only; unresolved nodes are not auto-promoted to boundaries,real_2025_internal_network_node_mapping,mapping_review_required,78b6a476a4210567b65bb0c79647bfd8aee8d99aed60795a84c4cd864db56825
QX-00005,110,BDZ-00172,exact_same_region_110kv_station,BDZ-00172,False,network_lines_110kv.csv:endpoints+transformer_master.csv,电网建模数据_Agent整合版_V1.2,exact anonymized ID comparison only; unresolved nodes are not auto-promoted to boundaries,real_2025_internal_network_node_mapping,exact_match,78b6a476a4210567b65bb0c79647bfd8aee8d99aed60795a84c4cd864db56825
QX-00005,110,BDZ-00186,unresolved_nonstudy_or_boundary_candidate,,False,network_lines_110kv.csv:endpoints+transformer_master.csv,电网建模数据_Agent整合版_V1.2,exact anonymized ID comparison only; unresolved nodes are not auto-promoted to boundaries,real_2025_internal_network_node_mapping,mapping_review_required,78b6a476a4210567b65bb0c79647bfd8aee8d99aed60795a84c4cd864db56825
QX-00005,110,BDZ-00195,unresolved_nonstudy_or_boundary_candidate,,False,network_lines_110kv.csv:endpoints+transformer_master.csv,电网建模数据_Agent整合版_V1.2,exact anonymized ID comparison only; unresolved nodes are not auto-promoted to boundaries,real_2025_internal_network_node_mapping,mapping_review_required,78b6a476a4210567b65bb0c79647bfd8aee8d99aed60795a84c4cd864db56825
QX-00005,110,BDZ-00199,unresolved_nonstudy_or_boundary_candidate,,False,network_lines_110kv.csv:endpoints+transformer_master.csv,电网建模数据_Agent整合版_V1.2,exact anonymized ID comparison only; unresolved nodes are not auto-promoted to boundaries,real_2025_internal_network_node_mapping,mapping_review_required,78b6a476a4210567b65bb0c79647bfd8aee8d99aed60795a84c4cd864db56825
QX-00005,110,BDZ-00220,unresolved_nonstudy_or_boundary_candidate,,False,network_lines_110kv.csv:endpoints+transformer_master.csv,电网建模数据_Agent整合版_V1.2,exact anonymized ID comparison only; unresolved nodes are not auto-promoted to boundaries,real_2025_internal_network_node_mapping,mapping_review_required,78b6a476a4210567b65bb0c79647bfd8aee8d99aed60795a84c4cd864db56825
QX-00005,110,BDZ-00222,unresolved_nonstudy_or_boundary_candidate,,False,network_lines_110kv.csv:endpoints+transformer_master.csv,电网建模数据_Agent整合版_V1.2,exact anonymized ID comparison only; unresolved nodes are not auto-promoted to boundaries,real_2025_internal_network_node_mapping,mapping_review_required,78b6a476a4210567b65bb0c79647bfd8aee8d99aed60795a84c4cd864db56825
QX-00005,110,BDZ-00238,unresolved_nonstudy_or_boundary_candidate,,False,network_lines_110kv.csv:endpoints+transformer_master.csv,电网建模数据_Agent整合版_V1.2,exact anonymized ID comparison only; unresolved nodes are not auto-promoted to boundaries,real_2025_internal_network_node_mapping,mapping_review_required,78b6a476a4210567b65bb0c79647bfd8aee8d99aed60795a84c4cd864db56825
QX-00005,110,BDZ-00336,unresolved_nonstudy_or_boundary_candidate,,False,network_lines_110kv.csv:endpoints+transformer_master.csv,电网建模数据_Agent整合版_V1.2,exact anonymized ID comparison only; unresolved nodes are not auto-promoted to boundaries,real_2025_internal_network_node_mapping,mapping_review_required,78b6a476a4210567b65bb0c79647bfd8aee8d99aed60795a84c4cd864db56825
QX-00005,110,BDZ-00341,unresolved_nonstudy_or_boundary_candidate,,False,network_lines_110kv.csv:endpoints+transformer_master.csv,电网建模数据_Agent整合版_V1.2,exact anonymized ID comparison only; unresolved nodes are not auto-promoted to boundaries,real_2025_internal_network_node_mapping,mapping_review_required,78b6a476a4210567b65bb0c79647bfd8aee8d99aed60795a84c4cd864db56825
QX-00005,110,BDZ-00348,unresolved_nonstudy_or_boundary_candidate,,False,network_lines_110kv.csv:endpoints+transformer_master.csv,电网建模数据_Agent整合版_V1.2,exact anonymized ID comparison only; unresolved nodes are not auto-promoted to boundaries,real_2025_internal_network_node_mapping,mapping_review_required,78b6a476a4210567b65bb0c79647bfd8aee8d99aed60795a84c4cd864db56825
QX-00005,110,BDZ-00362,unresolved_nonstudy_or_boundary_candidate,,False,network_lines_110kv.csv:endpoints+transformer_master.csv,电网建模数据_Agent整合版_V1.2,exact anonymized ID comparison only; unresolved nodes are not auto-promoted to boundaries,real_2025_internal_network_node_mapping,mapping_review_required,78b6a476a4210567b65bb0c79647bfd8aee8d99aed60795a84c4cd864db56825
QX-00005,110,BDZ-00375,unresolved_nonstudy_or_boundary_candidate,,False,network_lines_110kv.csv:endpoints+transformer_master.csv,电网建模数据_Agent整合版_V1.2,exact anonymized ID comparison only; unresolved nodes are not auto-promoted to boundaries,real_2025_internal_network_node_mapping,mapping_review_required,78b6a476a4210567b65bb0c79647bfd8aee8d99aed60795a84c4cd864db56825
QX-00007,110,BDZ-00004,exact_same_region_110kv_station,BDZ-00004,False,network_lines_110kv.csv:endpoints+transformer_master.csv,电网建模数据_Agent整合版_V1.2,exact anonymized ID comparison only; unresolved nodes are not auto-promoted to boundaries,real_2025_internal_network_node_mapping,exact_match,78b6a476a4210567b65bb0c79647bfd8aee8d99aed60795a84c4cd864db56825
QX-00007,110,BDZ-00012,exact_same_region_110kv_station,BDZ-00012,False,network_lines_110kv.csv:endpoints+transformer_master.csv,电网建模数据_Agent整合版_V1.2,exact anonymized ID comparison only; unresolved nodes are not auto-promoted to boundaries,real_2025_internal_network_node_mapping,exact_match,78b6a476a4210567b65bb0c79647bfd8aee8d99aed60795a84c4cd864db56825
QX-00007,110,BDZ-00013,exact_same_region_110kv_station,BDZ-00013,False,network_lines_110kv.csv:endpoints+transformer_master.csv,电网建模数据_Agent整合版_V1.2,exact anonymized ID comparison only; unresolved nodes are not auto-promoted to boundaries,real_2025_internal_network_node_mapping,exact_match,78b6a476a4210567b65bb0c79647bfd8aee8d99aed60795a84c4cd864db56825
QX-00007,110,BDZ-00023,exact_same_region_110kv_station,BDZ-00023,False,network_lines_110kv.csv:endpoints+transformer_master.csv,电网建模数据_Agent整合版_V1.2,exact anonymized ID comparison only; unresolved nodes are not auto-promoted to boundaries,real_2025_internal_network_node_mapping,exact_match,78b6a476a4210567b65bb0c79647bfd8aee8d99aed60795a84c4cd864db56825
QX-00007,110,BDZ-00024,exact_same_region_110kv_station,BDZ-00024,False,network_lines_110kv.csv:endpoints+transformer_master.csv,电网建模数据_Agent整合版_V1.2,exact anonymized ID comparison only; unresolved nodes are not auto-promoted to boundaries,real_2025_internal_network_node_mapping,exact_match,78b6a476a4210567b65bb0c79647bfd8aee8d99aed60795a84c4cd864db56825
QX-00007,110,BDZ-00036,exact_same_region_110kv_station,BDZ-00036,False,network_lines_110kv.csv:endpoints+transformer_master.csv,电网建模数据_Agent整合版_V1.2,exact anonymized ID comparison only; unresolved nodes are not auto-promoted to boundaries,real_2025_internal_network_node_mapping,exact_match,78b6a476a4210567b65bb0c79647bfd8aee8d99aed60795a84c4cd864db56825
QX-00007,110,BDZ-00042,exact_same_region_110kv_station,BDZ-00042,False,network_lines_110kv.csv:endpoints+transformer_master.csv,电网建模数据_Agent整合版_V1.2,exact anonymized ID comparison only; unresolved nodes are not auto-promoted to boundaries,real_2025_internal_network_node_mapping,exact_match,78b6a476a4210567b65bb0c79647bfd8aee8d99aed60795a84c4cd864db56825
QX-00007,110,BDZ-00051,exact_same_region_110kv_station,BDZ-00051,False,network_lines_110kv.csv:endpoints+transformer_master.csv,电网建模数据_Agent整合版_V1.2,exact anonymized ID comparison only; unresolved nodes are not auto-promoted to boundaries,real_2025_internal_network_node_mapping,exact_match,78b6a476a4210567b65bb0c79647bfd8aee8d99aed60795a84c4cd864db56825
QX-00007,110,BDZ-00053,exact_same_region_110kv_station,BDZ-00053,False,network_lines_110kv.csv:endpoints+transformer_master.csv,电网建模数据_Agent整合版_V1.2,exact anonymized ID comparison only; unresolved nodes are not auto-promoted to boundaries,real_2025_internal_network_node_mapping,exact_match,78b6a476a4210567b65bb0c79647bfd8aee8d99aed60795a84c4cd864db56825
QX-00007,110,BDZ-00059,unresolved_nonstudy_or_boundary_candidate,,False,network_lines_110kv.csv:endpoints+transformer_master.csv,电网建模数据_Agent整合版_V1.2,exact anonymized ID comparison only; unresolved nodes are not auto-promoted to boundaries,real_2025_internal_network_node_mapping,mapping_review_required,78b6a476a4210567b65bb0c79647bfd8aee8d99aed60795a84c4cd864db56825
QX-00007,110,BDZ-00060,exact_id_but_region_conflict_requires_review,BDZ-00060,False,network_lines_110kv.csv:endpoints+transformer_master.csv,电网建模数据_Agent整合版_V1.2,exact anonymized ID comparison only; unresolved nodes are not auto-promoted to boundaries,real_2025_internal_network_node_mapping,mapping_review_required,78b6a476a4210567b65bb0c79647bfd8aee8d99aed60795a84c4cd864db56825
QX-00007,110,BDZ-00062,exact_same_region_110kv_station,BDZ-00062,False,network_lines_110kv.csv:endpoints+transformer_master.csv,电网建模数据_Agent整合版_V1.2,exact anonymized ID comparison only; unresolved nodes are not auto-promoted to boundaries,real_2025_internal_network_node_mapping,exact_match,78b6a476a4210567b65bb0c79647bfd8aee8d99aed60795a84c4cd864db56825
QX-00007,110,BDZ-00068,exact_id_but_region_conflict_requires_review,BDZ-00068,False,network_lines_110kv.csv:endpoints+transformer_master.csv,电网建模数据_Agent整合版_V1.2,exact anonymized ID comparison only; unresolved nodes are not auto-promoted to boundaries,real_2025_internal_network_node_mapping,mapping_review_required,78b6a476a4210567b65bb0c79647bfd8aee8d99aed60795a84c4cd864db56825
QX-00007,110,BDZ-00074,exact_same_region_110kv_station,BDZ-00074,False,network_lines_110kv.csv:endpoints+transformer_master.csv,电网建模数据_Agent整合版_V1.2,exact anonymized ID comparison only; unresolved nodes are not auto-promoted to boundaries,real_2025_internal_network_node_mapping,exact_match,78b6a476a4210567b65bb0c79647bfd8aee8d99aed60795a84c4cd864db56825
QX-00007,110,BDZ-00085,exact_same_region_110kv_station,BDZ-00085,False,network_lines_110kv.csv:endpoints+transformer_master.csv,电网建模数据_Agent整合版_V1.2,exact anonymized ID comparison only; unresolved nodes are not auto-promoted to boundaries,real_2025_internal_network_node_mapping,exact_match,78b6a476a4210567b65bb0c79647bfd8aee8d99aed60795a84c4cd864db56825
QX-00007,110,BDZ-00094,exact_same_region_110kv_station,BDZ-00094,False,network_lines_110kv.csv:endpoints+transformer_master.csv,电网建模数据_Agent整合版_V1.2,exact anonymized ID comparison only; unresolved nodes are not auto-promoted to boundaries,real_2025_internal_network_node_mapping,exact_match,78b6a476a4210567b65bb0c79647bfd8aee8d99aed60795a84c4cd864db56825
QX-00007,110,BDZ-00102,exact_same_region_110kv_station,BDZ-00102,False,network_lines_110kv.csv:endpoints+transformer_master.csv,电网建模数据_Agent整合版_V1.2,exact anonymized ID comparison only; unresolved nodes are not auto-promoted to boundaries,real_2025_internal_network_node_mapping,exact_match,78b6a476a4210567b65bb0c79647bfd8aee8d99aed60795a84c4cd864db56825
QX-00007,110,BDZ-00103,exact_same_region_110kv_station,BDZ-00103,False,network_lines_110kv.csv:endpoints+transformer_master.csv,电网建模数据_Agent整合版_V1.2,exact anonymized ID comparison only; unresolved nodes are not auto-promoted to boundaries,real_2025_internal_network_node_mapping,exact_match,78b6a476a4210567b65bb0c79647bfd8aee8d99aed60795a84c4cd864db56825
QX-00007,110,BDZ-00106,exact_same_region_110kv_station,BDZ-00106,False,network_lines_110kv.csv:endpoints+transformer_master.csv,电网建模数据_Agent整合版_V1.2,exact anonymized ID comparison only; unresolved nodes are not auto-promoted to boundaries,real_2025_internal_network_node_mapping,exact_match,78b6a476a4210567b65bb0c79647bfd8aee8d99aed60795a84c4cd864db56825
QX-00007,110,BDZ-00110,exact_same_region_110kv_station,BDZ-00110,False,network_lines_110kv.csv:endpoints+transformer_master.csv,电网建模数据_Agent整合版_V1.2,exact anonymized ID comparison only; unresolved nodes are not auto-promoted to boundaries,real_2025_internal_network_node_mapping,exact_match,78b6a476a4210567b65bb0c79647bfd8aee8d99aed60795a84c4cd864db56825
QX-00007,110,BDZ-00114,exact_same_region_110kv_station,BDZ-00114,False,network_lines_110kv.csv:endpoints+transformer_master.csv,电网建模数据_Agent整合版_V1.2,exact anonymized ID comparison only; unresolved nodes are not auto-promoted to boundaries,real_2025_internal_network_node_mapping,exact_match,78b6a476a4210567b65bb0c79647bfd8aee8d99aed60795a84c4cd864db56825
QX-00007,110,BDZ-00115,exact_same_region_110kv_station,BDZ-00115,False,network_lines_110kv.csv:endpoints+transformer_master.csv,电网建模数据_Agent整合版_V1.2,exact anonymized ID comparison only; unresolved nodes are not auto-promoted to boundaries,real_2025_internal_network_node_mapping,exact_match,78b6a476a4210567b65bb0c79647bfd8aee8d99aed60795a84c4cd864db56825
QX-00007,110,BDZ-00119,unresolved_nonstudy_or_boundary_candidate,,False,network_lines_110kv.csv:endpoints+transformer_master.csv,电网建模数据_Agent整合版_V1.2,exact anonymized ID comparison only; unresolved nodes are not auto-promoted to boundaries,real_2025_internal_network_node_mapping,mapping_review_required,78b6a476a4210567b65bb0c79647bfd8aee8d99aed60795a84c4cd864db56825
QX-00007,110,BDZ-00134,exact_id_but_region_conflict_requires_review,BDZ-00134,False,network_lines_110kv.csv:endpoints+transformer_master.csv,电网建模数据_Agent整合版_V1.2,exact anonymized ID comparison only; unresolved nodes are not auto-promoted to boundaries,real_2025_internal_network_node_mapping,mapping_review_required,78b6a476a4210567b65bb0c79647bfd8aee8d99aed60795a84c4cd864db56825
QX-00007,110,BDZ-00136,unresolved_nonstudy_or_boundary_candidate,,False,network_lines_110kv.csv:endpoints+transformer_master.csv,电网建模数据_Agent整合版_V1.2,exact anonymized ID comparison only; unresolved nodes are not auto-promoted to boundaries,real_2025_internal_network_node_mapping,mapping_review_required,78b6a476a4210567b65bb0c79647bfd8aee8d99aed60795a84c4cd864db56825
QX-00007,110,BDZ-00137,exact_same_region_110kv_station,BDZ-00137,False,network_lines_110kv.csv:endpoints+transformer_master.csv,电网建模数据_Agent整合版_V1.2,exact anonymized ID comparison only; unresolved nodes are not auto-promoted to boundaries,real_2025_internal_network_node_mapping,exact_match,78b6a476a4210567b65bb0c79647bfd8aee8d99aed60795a84c4cd864db56825
QX-00007,110,BDZ-00139,exact_same_region_110kv_station,BDZ-00139,False,network_lines_110kv.csv:endpoints+transformer_master.csv,电网建模数据_Agent整合版_V1.2,exact anonymized ID comparison only; unresolved nodes are not auto-promoted to boundaries,real_2025_internal_network_node_mapping,exact_match,78b6a476a4210567b65bb0c79647bfd8aee8d99aed60795a84c4cd864db56825
QX-00007,110,BDZ-00142,unresolved_nonstudy_or_boundary_candidate,,False,network_lines_110kv.csv:endpoints+transformer_master.csv,电网建模数据_Agent整合版_V1.2,exact anonymized ID comparison only; unresolved nodes are not auto-promoted to boundaries,real_2025_internal_network_node_mapping,mapping_review_required,78b6a476a4210567b65bb0c79647bfd8aee8d99aed60795a84c4cd864db56825
QX-00007,110,BDZ-00148,exact_same_region_110kv_station,BDZ-00148,False,network_lines_110kv.csv:endpoints+transformer_master.csv,电网建模数据_Agent整合版_V1.2,exact anonymized ID comparison only; unresolved nodes are not auto-promoted to boundaries,real_2025_internal_network_node_mapping,exact_match,78b6a476a4210567b65bb0c79647bfd8aee8d99aed60795a84c4cd864db56825
QX-00007,110,BDZ-00151,exact_same_region_110kv_station,BDZ-00151,False,network_lines_110kv.csv:endpoints+transformer_master.csv,电网建模数据_Agent整合版_V1.2,exact anonymized ID comparison only; unresolved nodes are not auto-promoted to boundaries,real_2025_internal_network_node_mapping,exact_match,78b6a476a4210567b65bb0c79647bfd8aee8d99aed60795a84c4cd864db56825
QX-00007,110,BDZ-00154,exact_same_region_110kv_station,BDZ-00154,False,network_lines_110kv.csv:endpoints+transformer_master.csv,电网建模数据_Agent整合版_V1.2,exact anonymized ID comparison only; unresolved nodes are not auto-promoted to boundaries,real_2025_internal_network_node_mapping,exact_match,78b6a476a4210567b65bb0c79647bfd8aee8d99aed60795a84c4cd864db56825
QX-00007,110,BDZ-00155,exact_same_region_110kv_station,BDZ-00155,False,network_lines_110kv.csv:endpoints+transformer_master.csv,电网建模数据_Agent整合版_V1.2,exact anonymized ID comparison only; unresolved nodes are not auto-promoted to boundaries,real_2025_internal_network_node_mapping,exact_match,78b6a476a4210567b65bb0c79647bfd8aee8d99aed60795a84c4cd864db56825
QX-00007,110,BDZ-00156,exact_same_region_110kv_station,BDZ-00156,False,network_lines_110kv.csv:endpoints+transformer_master.csv,电网建模数据_Agent整合版_V1.2,exact anonymized ID comparison only; unresolved nodes are not auto-promoted to boundaries,real_2025_internal_network_node_mapping,exact_match,78b6a476a4210567b65bb0c79647bfd8aee8d99aed60795a84c4cd864db56825
QX-00007,110,BDZ-00175,exact_same_region_110kv_station,BDZ-00175,False,network_lines_110kv.csv:endpoints+transformer_master.csv,电网建模数据_Agent整合版_V1.2,exact anonymized ID comparison only; unresolved nodes are not auto-promoted to boundaries,real_2025_internal_network_node_mapping,exact_match,78b6a476a4210567b65bb0c79647bfd8aee8d99aed60795a84c4cd864db56825
QX-00007,110,BDZ-00187,unresolved_nonstudy_or_boundary_candidate,,False,network_lines_110kv.csv:endpoints+transformer_master.csv,电网建模数据_Agent整合版_V1.2,exact anonymized ID comparison only; unresolved nodes are not auto-promoted to boundaries,real_2025_internal_network_node_mapping,mapping_review_required,78b6a476a4210567b65bb0c79647bfd8aee8d99aed60795a84c4cd864db56825
QX-00007,110,BDZ-00191,unresolved_nonstudy_or_boundary_candidate,,False,network_lines_110kv.csv:endpoints+transformer_master.csv,电网建模数据_Agent整合版_V1.2,exact anonymized ID comparison only; unresolved nodes are not auto-promoted to boundaries,real_2025_internal_network_node_mapping,mapping_review_required,78b6a476a4210567b65bb0c79647bfd8aee8d99aed60795a84c4cd864db56825
QX-00007,110,BDZ-00192,unresolved_nonstudy_or_boundary_candidate,,False,network_lines_110kv.csv:endpoints+transformer_master.csv,电网建模数据_Agent整合版_V1.2,exact anonymized ID comparison only; unresolved nodes are not auto-promoted to boundaries,real_2025_internal_network_node_mapping,mapping_review_required,78b6a476a4210567b65bb0c79647bfd8aee8d99aed60795a84c4cd864db56825
QX-00007,110,BDZ-00198,unresolved_nonstudy_or_boundary_candidate,,False,network_lines_110kv.csv:endpoints+transformer_master.csv,电网建模数据_Agent整合版_V1.2,exact anonymized ID comparison only; unresolved nodes are not auto-promoted to boundaries,real_2025_internal_network_node_mapping,mapping_review_required,78b6a476a4210567b65bb0c79647bfd8aee8d99aed60795a84c4cd864db56825
QX-00007,110,BDZ-00203,unresolved_nonstudy_or_boundary_candidate,,False,network_lines_110kv.csv:endpoints+transformer_master.csv,电网建模数据_Agent整合版_V1.2,exact anonymized ID comparison only; unresolved nodes are not auto-promoted to boundaries,real_2025_internal_network_node_mapping,mapping_review_required,78b6a476a4210567b65bb0c79647bfd8aee8d99aed60795a84c4cd864db56825
QX-00007,110,BDZ-00210,unresolved_nonstudy_or_boundary_candidate,,False,network_lines_110kv.csv:endpoints+transformer_master.csv,电网建模数据_Agent整合版_V1.2,exact anonymized ID comparison only; unresolved nodes are not auto-promoted to boundaries,real_2025_internal_network_node_mapping,mapping_review_required,78b6a476a4210567b65bb0c79647bfd8aee8d99aed60795a84c4cd864db56825
QX-00007,110,BDZ-00215,unresolved_nonstudy_or_boundary_candidate,,False,network_lines_110kv.csv:endpoints+transformer_master.csv,电网建模数据_Agent整合版_V1.2,exact anonymized ID comparison only; unresolved nodes are not auto-promoted to boundaries,real_2025_internal_network_node_mapping,mapping_review_required,78b6a476a4210567b65bb0c79647bfd8aee8d99aed60795a84c4cd864db56825
QX-00007,110,BDZ-00216,unresolved_nonstudy_or_boundary_candidate,,False,network_lines_110kv.csv:endpoints+transformer_master.csv,电网建模数据_Agent整合版_V1.2,exact anonymized ID comparison only; unresolved nodes are not auto-promoted to boundaries,real_2025_internal_network_node_mapping,mapping_review_required,78b6a476a4210567b65bb0c79647bfd8aee8d99aed60795a84c4cd864db56825
QX-00007,110,BDZ-00218,unresolved_nonstudy_or_boundary_candidate,,False,network_lines_110kv.csv:endpoints+transformer_master.csv,电网建模数据_Agent整合版_V1.2,exact anonymized ID comparison only; unresolved nodes are not auto-promoted to boundaries,real_2025_internal_network_node_mapping,mapping_review_required,78b6a476a4210567b65bb0c79647bfd8aee8d99aed60795a84c4cd864db56825
QX-00007,110,BDZ-00219,unresolved_nonstudy_or_boundary_candidate,,False,network_lines_110kv.csv:endpoints+transformer_master.csv,电网建模数据_Agent整合版_V1.2,exact anonymized ID comparison only; unresolved nodes are not auto-promoted to boundaries,real_2025_internal_network_node_mapping,mapping_review_required,78b6a476a4210567b65bb0c79647bfd8aee8d99aed60795a84c4cd864db56825
QX-00007,110,BDZ-00221,unresolved_nonstudy_or_boundary_candidate,,False,network_lines_110kv.csv:endpoints+transformer_master.csv,电网建模数据_Agent整合版_V1.2,exact anonymized ID comparison only; unresolved nodes are not auto-promoted to boundaries,real_2025_internal_network_node_mapping,mapping_review_required,78b6a476a4210567b65bb0c79647bfd8aee8d99aed60795a84c4cd864db56825
QX-00007,110,BDZ-00223,unresolved_nonstudy_or_boundary_candidate,,False,network_lines_110kv.csv:endpoints+transformer_master.csv,电网建模数据_Agent整合版_V1.2,exact anonymized ID comparison only; unresolved nodes are not auto-promoted to boundaries,real_2025_internal_network_node_mapping,mapping_review_required,78b6a476a4210567b65bb0c79647bfd8aee8d99aed60795a84c4cd864db56825
QX-00007,110,BDZ-00224,unresolved_nonstudy_or_boundary_candidate,,False,network_lines_110kv.csv:endpoints+transformer_master.csv,电网建模数据_Agent整合版_V1.2,exact anonymized ID comparison only; unresolved nodes are not auto-promoted to boundaries,real_2025_internal_network_node_mapping,mapping_review_required,78b6a476a4210567b65bb0c79647bfd8aee8d99aed60795a84c4cd864db56825
QX-00007,110,BDZ-00229,unresolved_nonstudy_or_boundary_candidate,,False,network_lines_110kv.csv:endpoints+transformer_master.csv,电网建模数据_Agent整合版_V1.2,exact anonymized ID comparison only; unresolved nodes are not auto-promoted to boundaries,real_2025_internal_network_node_mapping,mapping_review_required,78b6a476a4210567b65bb0c79647bfd8aee8d99aed60795a84c4cd864db56825
QX-00007,110,BDZ-00233,unresolved_nonstudy_or_boundary_candidate,,False,network_lines_110kv.csv:endpoints+transformer_master.csv,电网建模数据_Agent整合版_V1.2,exact anonymized ID comparison only; unresolved nodes are not auto-promoted to boundaries,real_2025_internal_network_node_mapping,mapping_review_required,78b6a476a4210567b65bb0c79647bfd8aee8d99aed60795a84c4cd864db56825
QX-00007,110,BDZ-00242,unresolved_nonstudy_or_boundary_candidate,,False,network_lines_110kv.csv:endpoints+transformer_master.csv,电网建模数据_Agent整合版_V1.2,exact anonymized ID comparison only; unresolved nodes are not auto-promoted to boundaries,real_2025_internal_network_node_mapping,mapping_review_required,78b6a476a4210567b65bb0c79647bfd8aee8d99aed60795a84c4cd864db56825
QX-00007,110,BDZ-00356,unresolved_nonstudy_or_boundary_candidate,,False,network_lines_110kv.csv:endpoints+transformer_master.csv,电网建模数据_Agent整合版_V1.2,exact anonymized ID comparison only; unresolved nodes are not auto-promoted to boundaries,real_2025_internal_network_node_mapping,mapping_review_required,78b6a476a4210567b65bb0c79647bfd8aee8d99aed60795a84c4cd864db56825
QX-00007,110,BDZ-00361,unresolved_nonstudy_or_boundary_candidate,,False,network_lines_110kv.csv:endpoints+transformer_master.csv,电网建模数据_Agent整合版_V1.2,exact anonymized ID comparison only; unresolved nodes are not auto-promoted to boundaries,real_2025_internal_network_node_mapping,mapping_review_required,78b6a476a4210567b65bb0c79647bfd8aee8d99aed60795a84c4cd864db56825
QX-00007,110,BDZ-00371,unresolved_nonstudy_or_boundary_candidate,,False,network_lines_110kv.csv:endpoints+transformer_master.csv,电网建模数据_Agent整合版_V1.2,exact anonymized ID comparison only; unresolved nodes are not auto-promoted to boundaries,real_2025_internal_network_node_mapping,mapping_review_required,78b6a476a4210567b65bb0c79647bfd8aee8d99aed60795a84c4cd864db56825
QX-00007,110,BDZ-00372,unresolved_nonstudy_or_boundary_candidate,,False,network_lines_110kv.csv:endpoints+transformer_master.csv,电网建模数据_Agent整合版_V1.2,exact anonymized ID comparison only; unresolved nodes are not auto-promoted to boundaries,real_2025_internal_network_node_mapping,mapping_review_required,78b6a476a4210567b65bb0c79647bfd8aee8d99aed60795a84c4cd864db56825
QX-00008,110,BDZ-00003,exact_same_region_110kv_station,BDZ-00003,False,network_lines_110kv.csv:endpoints+transformer_master.csv,电网建模数据_Agent整合版_V1.2,exact anonymized ID comparison only; unresolved nodes are not auto-promoted to boundaries,real_2025_internal_network_node_mapping,exact_match,78b6a476a4210567b65bb0c79647bfd8aee8d99aed60795a84c4cd864db56825
QX-00008,110,BDZ-00030,exact_same_region_110kv_station,BDZ-00030,False,network_lines_110kv.csv:endpoints+transformer_master.csv,电网建模数据_Agent整合版_V1.2,exact anonymized ID comparison only; unresolved nodes are not auto-promoted to boundaries,real_2025_internal_network_node_mapping,exact_match,78b6a476a4210567b65bb0c79647bfd8aee8d99aed60795a84c4cd864db56825
QX-00008,110,BDZ-00038,exact_same_region_110kv_station,BDZ-00038,False,network_lines_110kv.csv:endpoints+transformer_master.csv,电网建模数据_Agent整合版_V1.2,exact anonymized ID comparison only; unresolved nodes are not auto-promoted to boundaries,real_2025_internal_network_node_mapping,exact_match,78b6a476a4210567b65bb0c79647bfd8aee8d99aed60795a84c4cd864db56825
QX-00008,110,BDZ-00043,exact_same_region_110kv_station,BDZ-00043,False,network_lines_110kv.csv:endpoints+transformer_master.csv,电网建模数据_Agent整合版_V1.2,exact anonymized ID comparison only; unresolved nodes are not auto-promoted to boundaries,real_2025_internal_network_node_mapping,exact_match,78b6a476a4210567b65bb0c79647bfd8aee8d99aed60795a84c4cd864db56825
QX-00008,110,BDZ-00045,exact_same_region_110kv_station,BDZ-00045,False,network_lines_110kv.csv:endpoints+transformer_master.csv,电网建模数据_Agent整合版_V1.2,exact anonymized ID comparison only; unresolved nodes are not auto-promoted to boundaries,real_2025_internal_network_node_mapping,exact_match,78b6a476a4210567b65bb0c79647bfd8aee8d99aed60795a84c4cd864db56825
QX-00008,110,BDZ-00063,exact_same_region_110kv_station,BDZ-00063,False,network_lines_110kv.csv:endpoints+transformer_master.csv,电网建模数据_Agent整合版_V1.2,exact anonymized ID comparison only; unresolved nodes are not auto-promoted to boundaries,real_2025_internal_network_node_mapping,exact_match,78b6a476a4210567b65bb0c79647bfd8aee8d99aed60795a84c4cd864db56825
QX-00008,110,BDZ-00066,exact_same_region_110kv_station,BDZ-00066,False,network_lines_110kv.csv:endpoints+transformer_master.csv,电网建模数据_Agent整合版_V1.2,exact anonymized ID comparison only; unresolved nodes are not auto-promoted to boundaries,real_2025_internal_network_node_mapping,exact_match,78b6a476a4210567b65bb0c79647bfd8aee8d99aed60795a84c4cd864db56825
QX-00008,110,BDZ-00067,exact_same_region_110kv_station,BDZ-00067,False,network_lines_110kv.csv:endpoints+transformer_master.csv,电网建模数据_Agent整合版_V1.2,exact anonymized ID comparison only; unresolved nodes are not auto-promoted to boundaries,real_2025_internal_network_node_mapping,exact_match,78b6a476a4210567b65bb0c79647bfd8aee8d99aed60795a84c4cd864db56825
QX-00008,110,BDZ-00070,exact_same_region_110kv_station,BDZ-00070,False,network_lines_110kv.csv:endpoints+transformer_master.csv,电网建模数据_Agent整合版_V1.2,exact anonymized ID comparison only; unresolved nodes are not auto-promoted to boundaries,real_2025_internal_network_node_mapping,exact_match,78b6a476a4210567b65bb0c79647bfd8aee8d99aed60795a84c4cd864db56825
QX-00008,110,BDZ-00073,exact_same_region_110kv_station,BDZ-00073,False,network_lines_110kv.csv:endpoints+transformer_master.csv,电网建模数据_Agent整合版_V1.2,exact anonymized ID comparison only; unresolved nodes are not auto-promoted to boundaries,real_2025_internal_network_node_mapping,exact_match,78b6a476a4210567b65bb0c79647bfd8aee8d99aed60795a84c4cd864db56825
QX-00008,110,BDZ-00081,exact_same_region_110kv_station,BDZ-00081,False,network_lines_110kv.csv:endpoints+transformer_master.csv,电网建模数据_Agent整合版_V1.2,exact anonymized ID comparison only; unresolved nodes are not auto-promoted to boundaries,real_2025_internal_network_node_mapping,exact_match,78b6a476a4210567b65bb0c79647bfd8aee8d99aed60795a84c4cd864db56825
QX-00008,110,BDZ-00100,exact_same_region_110kv_station,BDZ-00100,False,network_lines_110kv.csv:endpoints+transformer_master.csv,电网建模数据_Agent整合版_V1.2,exact anonymized ID comparison only; unresolved nodes are not auto-promoted to boundaries,real_2025_internal_network_node_mapping,exact_match,78b6a476a4210567b65bb0c79647bfd8aee8d99aed60795a84c4cd864db56825
QX-00008,110,BDZ-00104,exact_same_region_110kv_station,BDZ-00104,False,network_lines_110kv.csv:endpoints+transformer_master.csv,电网建模数据_Agent整合版_V1.2,exact anonymized ID comparison only; unresolved nodes are not auto-promoted to boundaries,real_2025_internal_network_node_mapping,exact_match,78b6a476a4210567b65bb0c79647bfd8aee8d99aed60795a84c4cd864db56825
QX-00008,110,BDZ-00107,exact_same_region_110kv_station,BDZ-00107,False,network_lines_110kv.csv:endpoints+transformer_master.csv,电网建模数据_Agent整合版_V1.2,exact anonymized ID comparison only; unresolved nodes are not auto-promoted to boundaries,real_2025_internal_network_node_mapping,exact_match,78b6a476a4210567b65bb0c79647bfd8aee8d99aed60795a84c4cd864db56825
QX-00008,110,BDZ-00121,exact_same_region_110kv_station,BDZ-00121,False,network_lines_110kv.csv:endpoints+transformer_master.csv,电网建模数据_Agent整合版_V1.2,exact anonymized ID comparison only; unresolved nodes are not auto-promoted to boundaries,real_2025_internal_network_node_mapping,exact_match,78b6a476a4210567b65bb0c79647bfd8aee8d99aed60795a84c4cd864db56825
QX-00008,110,BDZ-00125,exact_same_region_110kv_station,BDZ-00125,False,network_lines_110kv.csv:endpoints+transformer_master.csv,电网建模数据_Agent整合版_V1.2,exact anonymized ID comparison only; unresolved nodes are not auto-promoted to boundaries,real_2025_internal_network_node_mapping,exact_match,78b6a476a4210567b65bb0c79647bfd8aee8d99aed60795a84c4cd864db56825
QX-00008,110,BDZ-00138,exact_same_region_110kv_station,BDZ-00138,False,network_lines_110kv.csv:endpoints+transformer_master.csv,电网建模数据_Agent整合版_V1.2,exact anonymized ID comparison only; unresolved nodes are not auto-promoted to boundaries,real_2025_internal_network_node_mapping,exact_match,78b6a476a4210567b65bb0c79647bfd8aee8d99aed60795a84c4cd864db56825
QX-00008,110,BDZ-00166,exact_same_region_110kv_station,BDZ-00166,False,network_lines_110kv.csv:endpoints+transformer_master.csv,电网建模数据_Agent整合版_V1.2,exact anonymized ID comparison only; unresolved nodes are not auto-promoted to boundaries,real_2025_internal_network_node_mapping,exact_match,78b6a476a4210567b65bb0c79647bfd8aee8d99aed60795a84c4cd864db56825
QX-00008,110,BDZ-00170,exact_same_region_110kv_station,BDZ-00170,False,network_lines_110kv.csv:endpoints+transformer_master.csv,电网建模数据_Agent整合版_V1.2,exact anonymized ID comparison only; unresolved nodes are not auto-promoted to boundaries,real_2025_internal_network_node_mapping,exact_match,78b6a476a4210567b65bb0c79647bfd8aee8d99aed60795a84c4cd864db56825
QX-00008,110,BDZ-00209,unresolved_nonstudy_or_boundary_candidate,,False,network_lines_110kv.csv:endpoints+transformer_master.csv,电网建模数据_Agent整合版_V1.2,exact anonymized ID comparison only; unresolved nodes are not auto-promoted to boundaries,real_2025_internal_network_node_mapping,mapping_review_required,78b6a476a4210567b65bb0c79647bfd8aee8d99aed60795a84c4cd864db56825
QX-00008,110,BDZ-00217,unresolved_nonstudy_or_boundary_candidate,,False,network_lines_110kv.csv:endpoints+transformer_master.csv,电网建模数据_Agent整合版_V1.2,exact anonymized ID comparison only; unresolved nodes are not auto-promoted to boundaries,real_2025_internal_network_node_mapping,mapping_review_required,78b6a476a4210567b65bb0c79647bfd8aee8d99aed60795a84c4cd864db56825
QX-00008,110,BDZ-00226,unresolved_nonstudy_or_boundary_candidate,,False,network_lines_110kv.csv:endpoints+transformer_master.csv,电网建模数据_Agent整合版_V1.2,exact anonymized ID comparison only; unresolved nodes are not auto-promoted to boundaries,real_2025_internal_network_node_mapping,mapping_review_required,78b6a476a4210567b65bb0c79647bfd8aee8d99aed60795a84c4cd864db56825
QX-00008,110,BDZ-00230,unresolved_nonstudy_or_boundary_candidate,,False,network_lines_110kv.csv:endpoints+transformer_master.csv,电网建模数据_Agent整合版_V1.2,exact anonymized ID comparison only; unresolved nodes are not auto-promoted to boundaries,real_2025_internal_network_node_mapping,mapping_review_required,78b6a476a4210567b65bb0c79647bfd8aee8d99aed60795a84c4cd864db56825
QX-00008,110,BDZ-00235,unresolved_nonstudy_or_boundary_candidate,,False,network_lines_110kv.csv:endpoints+transformer_master.csv,电网建模数据_Agent整合版_V1.2,exact anonymized ID comparison only; unresolved nodes are not auto-promoted to boundaries,real_2025_internal_network_node_mapping,mapping_review_required,78b6a476a4210567b65bb0c79647bfd8aee8d99aed60795a84c4cd864db56825
QX-00008,110,BDZ-00238,unresolved_nonstudy_or_boundary_candidate,,False,network_lines_110kv.csv:endpoints+transformer_master.csv,电网建模数据_Agent整合版_V1.2,exact anonymized ID comparison only; unresolved nodes are not auto-promoted to boundaries,real_2025_internal_network_node_mapping,mapping_review_required,78b6a476a4210567b65bb0c79647bfd8aee8d99aed60795a84c4cd864db56825
QX-00008,110,BDZ-00244,unresolved_nonstudy_or_boundary_candidate,,False,network_lines_110kv.csv:endpoints+transformer_master.csv,电网建模数据_Agent整合版_V1.2,exact anonymized ID comparison only; unresolved nodes are not auto-promoted to boundaries,real_2025_internal_network_node_mapping,mapping_review_required,78b6a476a4210567b65bb0c79647bfd8aee8d99aed60795a84c4cd864db56825
QX-00008,110,BDZ-00333,unresolved_nonstudy_or_boundary_candidate,,False,network_lines_110kv.csv:endpoints+transformer_master.csv,电网建模数据_Agent整合版_V1.2,exact anonymized ID comparison only; unresolved nodes are not auto-promoted to boundaries,real_2025_internal_network_node_mapping,mapping_review_required,78b6a476a4210567b65bb0c79647bfd8aee8d99aed60795a84c4cd864db56825
QX-00008,110,BDZ-00349,unresolved_nonstudy_or_boundary_candidate,,False,network_lines_110kv.csv:endpoints+transformer_master.csv,电网建模数据_Agent整合版_V1.2,exact anonymized ID comparison only; unresolved nodes are not auto-promoted to boundaries,real_2025_internal_network_node_mapping,mapping_review_required,78b6a476a4210567b65bb0c79647bfd8aee8d99aed60795a84c4cd864db56825
QX-00008,110,BDZ-00369,unresolved_nonstudy_or_boundary_candidate,,False,network_lines_110kv.csv:endpoints+transformer_master.csv,电网建模数据_Agent整合版_V1.2,exact anonymized ID comparison only; unresolved nodes are not auto-promoted to boundaries,real_2025_internal_network_node_mapping,mapping_review_required,78b6a476a4210567b65bb0c79647bfd8aee8d99aed60795a84c4cd864db56825
QX-00008,110,BDZ-00373,unresolved_nonstudy_or_boundary_candidate,,False,network_lines_110kv.csv:endpoints+transformer_master.csv,电网建模数据_Agent整合版_V1.2,exact anonymized ID comparison only; unresolved nodes are not auto-promoted to boundaries,real_2025_internal_network_node_mapping,mapping_review_required,78b6a476a4210567b65bb0c79647bfd8aee8d99aed60795a84c4cd864db56825
QX-00008,110,BDZ-00379,unresolved_nonstudy_or_boundary_candidate,,False,network_lines_110kv.csv:endpoints+transformer_master.csv,电网建模数据_Agent整合版_V1.2,exact anonymized ID comparison only; unresolved nodes are not auto-promoted to boundaries,real_2025_internal_network_node_mapping,mapping_review_required,78b6a476a4210567b65bb0c79647bfd8aee8d99aed60795a84c4cd864db56825
QX-00008,110,BDZ-00381,unresolved_nonstudy_or_boundary_candidate,,False,network_lines_110kv.csv:endpoints+transformer_master.csv,电网建模数据_Agent整合版_V1.2,exact anonymized ID comparison only; unresolved nodes are not auto-promoted to boundaries,real_2025_internal_network_node_mapping,mapping_review_required,78b6a476a4210567b65bb0c79647bfd8aee8d99aed60795a84c4cd864db56825
QX-00009,110,BDZ-00014,exact_same_region_110kv_station,BDZ-00014,False,network_lines_110kv.csv:endpoints+transformer_master.csv,电网建模数据_Agent整合版_V1.2,exact anonymized ID comparison only; unresolved nodes are not auto-promoted to boundaries,real_2025_internal_network_node_mapping,exact_match,78b6a476a4210567b65bb0c79647bfd8aee8d99aed60795a84c4cd864db56825
QX-00009,110,BDZ-00020,exact_same_region_110kv_station,BDZ-00020,False,network_lines_110kv.csv:endpoints+transformer_master.csv,电网建模数据_Agent整合版_V1.2,exact anonymized ID comparison only; unresolved nodes are not auto-promoted to boundaries,real_2025_internal_network_node_mapping,exact_match,78b6a476a4210567b65bb0c79647bfd8aee8d99aed60795a84c4cd864db56825
QX-00009,110,BDZ-00040,exact_same_region_110kv_station,BDZ-00040,False,network_lines_110kv.csv:endpoints+transformer_master.csv,电网建模数据_Agent整合版_V1.2,exact anonymized ID comparison only; unresolved nodes are not auto-promoted to boundaries,real_2025_internal_network_node_mapping,exact_match,78b6a476a4210567b65bb0c79647bfd8aee8d99aed60795a84c4cd864db56825
QX-00009,110,BDZ-00055,exact_same_region_110kv_station,BDZ-00055,False,network_lines_110kv.csv:endpoints+transformer_master.csv,电网建模数据_Agent整合版_V1.2,exact anonymized ID comparison only; unresolved nodes are not auto-promoted to boundaries,real_2025_internal_network_node_mapping,exact_match,78b6a476a4210567b65bb0c79647bfd8aee8d99aed60795a84c4cd864db56825
QX-00009,110,BDZ-00057,exact_same_region_110kv_station,BDZ-00057,False,network_lines_110kv.csv:endpoints+transformer_master.csv,电网建模数据_Agent整合版_V1.2,exact anonymized ID comparison only; unresolved nodes are not auto-promoted to boundaries,real_2025_internal_network_node_mapping,exact_match,78b6a476a4210567b65bb0c79647bfd8aee8d99aed60795a84c4cd864db56825
QX-00009,110,BDZ-00068,exact_same_region_110kv_station,BDZ-00068,False,network_lines_110kv.csv:endpoints+transformer_master.csv,电网建模数据_Agent整合版_V1.2,exact anonymized ID comparison only; unresolved nodes are not auto-promoted to boundaries,real_2025_internal_network_node_mapping,exact_match,78b6a476a4210567b65bb0c79647bfd8aee8d99aed60795a84c4cd864db56825
QX-00009,110,BDZ-00069,exact_same_region_110kv_station,BDZ-00069,False,network_lines_110kv.csv:endpoints+transformer_master.csv,电网建模数据_Agent整合版_V1.2,exact anonymized ID comparison only; unresolved nodes are not auto-promoted to boundaries,real_2025_internal_network_node_mapping,exact_match,78b6a476a4210567b65bb0c79647bfd8aee8d99aed60795a84c4cd864db56825
QX-00009,110,BDZ-00077,exact_same_region_110kv_station,BDZ-00077,False,network_lines_110kv.csv:endpoints+transformer_master.csv,电网建模数据_Agent整合版_V1.2,exact anonymized ID comparison only; unresolved nodes are not auto-promoted to boundaries,real_2025_internal_network_node_mapping,exact_match,78b6a476a4210567b65bb0c79647bfd8aee8d99aed60795a84c4cd864db56825
QX-00009,110,BDZ-00079,unresolved_nonstudy_or_boundary_candidate,,False,network_lines_110kv.csv:endpoints+transformer_master.csv,电网建模数据_Agent整合版_V1.2,exact anonymized ID comparison only; unresolved nodes are not auto-promoted to boundaries,real_2025_internal_network_node_mapping,mapping_review_required,78b6a476a4210567b65bb0c79647bfd8aee8d99aed60795a84c4cd864db56825
QX-00009,110,BDZ-00084,exact_same_region_110kv_station,BDZ-00084,False,network_lines_110kv.csv:endpoints+transformer_master.csv,电网建模数据_Agent整合版_V1.2,exact anonymized ID comparison only; unresolved nodes are not auto-promoted to boundaries,real_2025_internal_network_node_mapping,exact_match,78b6a476a4210567b65bb0c79647bfd8aee8d99aed60795a84c4cd864db56825
QX-00009,110,BDZ-00086,exact_same_region_110kv_station,BDZ-00086,False,network_lines_110kv.csv:endpoints+transformer_master.csv,电网建模数据_Agent整合版_V1.2,exact anonymized ID comparison only; unresolved nodes are not auto-promoted to boundaries,real_2025_internal_network_node_mapping,exact_match,78b6a476a4210567b65bb0c79647bfd8aee8d99aed60795a84c4cd864db56825
QX-00009,110,BDZ-00087,exact_same_region_110kv_station,BDZ-00087,False,network_lines_110kv.csv:endpoints+transformer_master.csv,电网建模数据_Agent整合版_V1.2,exact anonymized ID comparison only; unresolved nodes are not auto-promoted to boundaries,real_2025_internal_network_node_mapping,exact_match,78b6a476a4210567b65bb0c79647bfd8aee8d99aed60795a84c4cd864db56825
QX-00009,110,BDZ-00091,exact_same_region_110kv_station,BDZ-00091,False,network_lines_110kv.csv:endpoints+transformer_master.csv,电网建模数据_Agent整合版_V1.2,exact anonymized ID comparison only; unresolved nodes are not auto-promoted to boundaries,real_2025_internal_network_node_mapping,exact_match,78b6a476a4210567b65bb0c79647bfd8aee8d99aed60795a84c4cd864db56825
QX-00009,110,BDZ-00127,exact_same_region_110kv_station,BDZ-00127,False,network_lines_110kv.csv:endpoints+transformer_master.csv,电网建模数据_Agent整合版_V1.2,exact anonymized ID comparison only; unresolved nodes are not auto-promoted to boundaries,real_2025_internal_network_node_mapping,exact_match,78b6a476a4210567b65bb0c79647bfd8aee8d99aed60795a84c4cd864db56825
QX-00009,110,BDZ-00128,exact_same_region_110kv_station,BDZ-00128,False,network_lines_110kv.csv:endpoints+transformer_master.csv,电网建模数据_Agent整合版_V1.2,exact anonymized ID comparison only; unresolved nodes are not auto-promoted to boundaries,real_2025_internal_network_node_mapping,exact_match,78b6a476a4210567b65bb0c79647bfd8aee8d99aed60795a84c4cd864db56825
QX-00009,110,BDZ-00129,exact_same_region_110kv_station,BDZ-00129,False,network_lines_110kv.csv:endpoints+transformer_master.csv,电网建模数据_Agent整合版_V1.2,exact anonymized ID comparison only; unresolved nodes are not auto-promoted to boundaries,real_2025_internal_network_node_mapping,exact_match,78b6a476a4210567b65bb0c79647bfd8aee8d99aed60795a84c4cd864db56825
QX-00009,110,BDZ-00136,unresolved_nonstudy_or_boundary_candidate,,False,network_lines_110kv.csv:endpoints+transformer_master.csv,电网建模数据_Agent整合版_V1.2,exact anonymized ID comparison only; unresolved nodes are not auto-promoted to boundaries,real_2025_internal_network_node_mapping,mapping_review_required,78b6a476a4210567b65bb0c79647bfd8aee8d99aed60795a84c4cd864db56825
QX-00009,110,BDZ-00150,exact_same_region_110kv_station,BDZ-00150,False,network_lines_110kv.csv:endpoints+transformer_master.csv,电网建模数据_Agent整合版_V1.2,exact anonymized ID comparison only; unresolved nodes are not auto-promoted to boundaries,real_2025_internal_network_node_mapping,exact_match,78b6a476a4210567b65bb0c79647bfd8aee8d99aed60795a84c4cd864db56825
QX-00009,110,BDZ-00159,exact_same_region_110kv_station,BDZ-00159,False,network_lines_110kv.csv:endpoints+transformer_master.csv,电网建模数据_Agent整合版_V1.2,exact anonymized ID comparison only; unresolved nodes are not auto-promoted to boundaries,real_2025_internal_network_node_mapping,exact_match,78b6a476a4210567b65bb0c79647bfd8aee8d99aed60795a84c4cd864db56825
QX-00009,110,BDZ-00163,unresolved_nonstudy_or_boundary_candidate,,False,network_lines_110kv.csv:endpoints+transformer_master.csv,电网建模数据_Agent整合版_V1.2,exact anonymized ID comparison only; unresolved nodes are not auto-promoted to boundaries,real_2025_internal_network_node_mapping,mapping_review_required,78b6a476a4210567b65bb0c79647bfd8aee8d99aed60795a84c4cd864db56825
QX-00009,110,BDZ-00176,exact_same_region_110kv_station,BDZ-00176,False,network_lines_110kv.csv:endpoints+transformer_master.csv,电网建模数据_Agent整合版_V1.2,exact anonymized ID comparison only; unresolved nodes are not auto-promoted to boundaries,real_2025_internal_network_node_mapping,exact_match,78b6a476a4210567b65bb0c79647bfd8aee8d99aed60795a84c4cd864db56825
QX-00009,110,BDZ-00178,exact_same_region_110kv_station,BDZ-00178,False,network_lines_110kv.csv:endpoints+transformer_master.csv,电网建模数据_Agent整合版_V1.2,exact anonymized ID comparison only; unresolved nodes are not auto-promoted to boundaries,real_2025_internal_network_node_mapping,exact_match,78b6a476a4210567b65bb0c79647bfd8aee8d99aed60795a84c4cd864db56825
QX-00009,110,BDZ-00180,exact_same_region_110kv_station,BDZ-00180,False,network_lines_110kv.csv:endpoints+transformer_master.csv,电网建模数据_Agent整合版_V1.2,exact anonymized ID comparison only; unresolved nodes are not auto-promoted to boundaries,real_2025_internal_network_node_mapping,exact_match,78b6a476a4210567b65bb0c79647bfd8aee8d99aed60795a84c4cd864db56825
QX-00009,110,BDZ-00191,unresolved_nonstudy_or_boundary_candidate,,False,network_lines_110kv.csv:endpoints+transformer_master.csv,电网建模数据_Agent整合版_V1.2,exact anonymized ID comparison only; unresolved nodes are not auto-promoted to boundaries,real_2025_internal_network_node_mapping,mapping_review_required,78b6a476a4210567b65bb0c79647bfd8aee8d99aed60795a84c4cd864db56825
QX-00009,110,BDZ-00192,unresolved_nonstudy_or_boundary_candidate,,False,network_lines_110kv.csv:endpoints+transformer_master.csv,电网建模数据_Agent整合版_V1.2,exact anonymized ID comparison only; unresolved nodes are not auto-promoted to boundaries,real_2025_internal_network_node_mapping,mapping_review_required,78b6a476a4210567b65bb0c79647bfd8aee8d99aed60795a84c4cd864db56825
QX-00009,110,BDZ-00194,unresolved_nonstudy_or_boundary_candidate,,False,network_lines_110kv.csv:endpoints+transformer_master.csv,电网建模数据_Agent整合版_V1.2,exact anonymized ID comparison only; unresolved nodes are not auto-promoted to boundaries,real_2025_internal_network_node_mapping,mapping_review_required,78b6a476a4210567b65bb0c79647bfd8aee8d99aed60795a84c4cd864db56825
QX-00009,110,BDZ-00210,unresolved_nonstudy_or_boundary_candidate,,False,network_lines_110kv.csv:endpoints+transformer_master.csv,电网建模数据_Agent整合版_V1.2,exact anonymized ID comparison only; unresolved nodes are not auto-promoted to boundaries,real_2025_internal_network_node_mapping,mapping_review_required,78b6a476a4210567b65bb0c79647bfd8aee8d99aed60795a84c4cd864db56825
QX-00009,110,BDZ-00211,unresolved_nonstudy_or_boundary_candidate,,False,network_lines_110kv.csv:endpoints+transformer_master.csv,电网建模数据_Agent整合版_V1.2,exact anonymized ID comparison only; unresolved nodes are not auto-promoted to boundaries,real_2025_internal_network_node_mapping,mapping_review_required,78b6a476a4210567b65bb0c79647bfd8aee8d99aed60795a84c4cd864db56825
QX-00009,110,BDZ-00215,unresolved_nonstudy_or_boundary_candidate,,False,network_lines_110kv.csv:endpoints+transformer_master.csv,电网建模数据_Agent整合版_V1.2,exact anonymized ID comparison only; unresolved nodes are not auto-promoted to boundaries,real_2025_internal_network_node_mapping,mapping_review_required,78b6a476a4210567b65bb0c79647bfd8aee8d99aed60795a84c4cd864db56825
QX-00009,110,BDZ-00218,unresolved_nonstudy_or_boundary_candidate,,False,network_lines_110kv.csv:endpoints+transformer_master.csv,电网建模数据_Agent整合版_V1.2,exact anonymized ID comparison only; unresolved nodes are not auto-promoted to boundaries,real_2025_internal_network_node_mapping,mapping_review_required,78b6a476a4210567b65bb0c79647bfd8aee8d99aed60795a84c4cd864db56825
QX-00009,110,BDZ-00221,unresolved_nonstudy_or_boundary_candidate,,False,network_lines_110kv.csv:endpoints+transformer_master.csv,电网建模数据_Agent整合版_V1.2,exact anonymized ID comparison only; unresolved nodes are not auto-promoted to boundaries,real_2025_internal_network_node_mapping,mapping_review_required,78b6a476a4210567b65bb0c79647bfd8aee8d99aed60795a84c4cd864db56825
QX-00009,110,BDZ-00224,unresolved_nonstudy_or_boundary_candidate,,False,network_lines_110kv.csv:endpoints+transformer_master.csv,电网建模数据_Agent整合版_V1.2,exact anonymized ID comparison only; unresolved nodes are not auto-promoted to boundaries,real_2025_internal_network_node_mapping,mapping_review_required,78b6a476a4210567b65bb0c79647bfd8aee8d99aed60795a84c4cd864db56825
QX-00009,110,BDZ-00228,unresolved_nonstudy_or_boundary_candidate,,False,network_lines_110kv.csv:endpoints+transformer_master.csv,电网建模数据_Agent整合版_V1.2,exact anonymized ID comparison only; unresolved nodes are not auto-promoted to boundaries,real_2025_internal_network_node_mapping,mapping_review_required,78b6a476a4210567b65bb0c79647bfd8aee8d99aed60795a84c4cd864db56825
QX-00009,110,BDZ-00229,unresolved_nonstudy_or_boundary_candidate,,False,network_lines_110kv.csv:endpoints+transformer_master.csv,电网建模数据_Agent整合版_V1.2,exact anonymized ID comparison only; unresolved nodes are not auto-promoted to boundaries,real_2025_internal_network_node_mapping,mapping_review_required,78b6a476a4210567b65bb0c79647bfd8aee8d99aed60795a84c4cd864db56825
QX-00009,110,BDZ-00230,unresolved_nonstudy_or_boundary_candidate,,False,network_lines_110kv.csv:endpoints+transformer_master.csv,电网建模数据_Agent整合版_V1.2,exact anonymized ID comparison only; unresolved nodes are not auto-promoted to boundaries,real_2025_internal_network_node_mapping,mapping_review_required,78b6a476a4210567b65bb0c79647bfd8aee8d99aed60795a84c4cd864db56825
QX-00009,110,BDZ-00237,unresolved_nonstudy_or_boundary_candidate,,False,network_lines_110kv.csv:endpoints+transformer_master.csv,电网建模数据_Agent整合版_V1.2,exact anonymized ID comparison only; unresolved nodes are not auto-promoted to boundaries,real_2025_internal_network_node_mapping,mapping_review_required,78b6a476a4210567b65bb0c79647bfd8aee8d99aed60795a84c4cd864db56825
QX-00009,110,BDZ-00239,unresolved_nonstudy_or_boundary_candidate,,False,network_lines_110kv.csv:endpoints+transformer_master.csv,电网建模数据_Agent整合版_V1.2,exact anonymized ID comparison only; unresolved nodes are not auto-promoted to boundaries,real_2025_internal_network_node_mapping,mapping_review_required,78b6a476a4210567b65bb0c79647bfd8aee8d99aed60795a84c4cd864db56825
QX-00009,110,BDZ-00242,unresolved_nonstudy_or_boundary_candidate,,False,network_lines_110kv.csv:endpoints+transformer_master.csv,电网建模数据_Agent整合版_V1.2,exact anonymized ID comparison only; unresolved nodes are not auto-promoted to boundaries,real_2025_internal_network_node_mapping,mapping_review_required,78b6a476a4210567b65bb0c79647bfd8aee8d99aed60795a84c4cd864db56825
QX-00009,110,BDZ-00345,unresolved_nonstudy_or_boundary_candidate,,False,network_lines_110kv.csv:endpoints+transformer_master.csv,电网建模数据_Agent整合版_V1.2,exact anonymized ID comparison only; unresolved nodes are not auto-promoted to boundaries,real_2025_internal_network_node_mapping,mapping_review_required,78b6a476a4210567b65bb0c79647bfd8aee8d99aed60795a84c4cd864db56825
QX-00009,110,BDZ-00347,unresolved_nonstudy_or_boundary_candidate,,False,network_lines_110kv.csv:endpoints+transformer_master.csv,电网建模数据_Agent整合版_V1.2,exact anonymized ID comparison only; unresolved nodes are not auto-promoted to boundaries,real_2025_internal_network_node_mapping,mapping_review_required,78b6a476a4210567b65bb0c79647bfd8aee8d99aed60795a84c4cd864db56825
QX-00009,110,BDZ-00358,unresolved_nonstudy_or_boundary_candidate,,False,network_lines_110kv.csv:endpoints+transformer_master.csv,电网建模数据_Agent整合版_V1.2,exact anonymized ID comparison only; unresolved nodes are not auto-promoted to boundaries,real_2025_internal_network_node_mapping,mapping_review_required,78b6a476a4210567b65bb0c79647bfd8aee8d99aed60795a84c4cd864db56825
QX-00009,110,BDZ-00378,unresolved_nonstudy_or_boundary_candidate,,False,network_lines_110kv.csv:endpoints+transformer_master.csv,电网建模数据_Agent整合版_V1.2,exact anonymized ID comparison only; unresolved nodes are not auto-promoted to boundaries,real_2025_internal_network_node_mapping,mapping_review_required,78b6a476a4210567b65bb0c79647bfd8aee8d99aed60795a84c4cd864db56825
QX-00009,110,BDZ-00383,unresolved_nonstudy_or_boundary_candidate,,False,network_lines_110kv.csv:endpoints+transformer_master.csv,电网建模数据_Agent整合版_V1.2,exact anonymized ID comparison only; unresolved nodes are not auto-promoted to boundaries,real_2025_internal_network_node_mapping,mapping_review_required,78b6a476a4210567b65bb0c79647bfd8aee8d99aed60795a84c4cd864db56825
QX-00009,110,BDZ-00384,unresolved_nonstudy_or_boundary_candidate,,False,network_lines_110kv.csv:endpoints+transformer_master.csv,电网建模数据_Agent整合版_V1.2,exact anonymized ID comparison only; unresolved nodes are not auto-promoted to boundaries,real_2025_internal_network_node_mapping,mapping_review_required,78b6a476a4210567b65bb0c79647bfd8aee8d99aed60795a84c4cd864db56825
QX-00010,110,BDZ-00009,exact_same_region_110kv_station,BDZ-00009,False,network_lines_110kv.csv:endpoints+transformer_master.csv,电网建模数据_Agent整合版_V1.2,exact anonymized ID comparison only; unresolved nodes are not auto-promoted to boundaries,real_2025_internal_network_node_mapping,exact_match,78b6a476a4210567b65bb0c79647bfd8aee8d99aed60795a84c4cd864db56825
QX-00010,110,BDZ-00011,exact_same_region_110kv_station,BDZ-00011,False,network_lines_110kv.csv:endpoints+transformer_master.csv,电网建模数据_Agent整合版_V1.2,exact anonymized ID comparison only; unresolved nodes are not auto-promoted to boundaries,real_2025_internal_network_node_mapping,exact_match,78b6a476a4210567b65bb0c79647bfd8aee8d99aed60795a84c4cd864db56825
QX-00010,110,BDZ-00035,exact_same_region_110kv_station,BDZ-00035,False,network_lines_110kv.csv:endpoints+transformer_master.csv,电网建模数据_Agent整合版_V1.2,exact anonymized ID comparison only; unresolved nodes are not auto-promoted to boundaries,real_2025_internal_network_node_mapping,exact_match,78b6a476a4210567b65bb0c79647bfd8aee8d99aed60795a84c4cd864db56825
QX-00010,110,BDZ-00044,exact_same_region_110kv_station,BDZ-00044,False,network_lines_110kv.csv:endpoints+transformer_master.csv,电网建模数据_Agent整合版_V1.2,exact anonymized ID comparison only; unresolved nodes are not auto-promoted to boundaries,real_2025_internal_network_node_mapping,exact_match,78b6a476a4210567b65bb0c79647bfd8aee8d99aed60795a84c4cd864db56825
QX-00010,110,BDZ-00049,exact_same_region_110kv_station,BDZ-00049,False,network_lines_110kv.csv:endpoints+transformer_master.csv,电网建模数据_Agent整合版_V1.2,exact anonymized ID comparison only; unresolved nodes are not auto-promoted to boundaries,real_2025_internal_network_node_mapping,exact_match,78b6a476a4210567b65bb0c79647bfd8aee8d99aed60795a84c4cd864db56825
QX-00010,110,BDZ-00054,exact_same_region_110kv_station,BDZ-00054,False,network_lines_110kv.csv:endpoints+transformer_master.csv,电网建模数据_Agent整合版_V1.2,exact anonymized ID comparison only; unresolved nodes are not auto-promoted to boundaries,real_2025_internal_network_node_mapping,exact_match,78b6a476a4210567b65bb0c79647bfd8aee8d99aed60795a84c4cd864db56825
QX-00010,110,BDZ-00080,unresolved_nonstudy_or_boundary_candidate,,False,network_lines_110kv.csv:endpoints+transformer_master.csv,电网建模数据_Agent整合版_V1.2,exact anonymized ID comparison only; unresolved nodes are not auto-promoted to boundaries,real_2025_internal_network_node_mapping,mapping_review_required,78b6a476a4210567b65bb0c79647bfd8aee8d99aed60795a84c4cd864db56825
QX-00010,110,BDZ-00089,exact_same_region_110kv_station,BDZ-00089,False,network_lines_110kv.csv:endpoints+transformer_master.csv,电网建模数据_Agent整合版_V1.2,exact anonymized ID comparison only; unresolved nodes are not auto-promoted to boundaries,real_2025_internal_network_node_mapping,exact_match,78b6a476a4210567b65bb0c79647bfd8aee8d99aed60795a84c4cd864db56825
QX-00010,110,BDZ-00090,exact_same_region_110kv_station,BDZ-00090,False,network_lines_110kv.csv:endpoints+transformer_master.csv,电网建模数据_Agent整合版_V1.2,exact anonymized ID comparison only; unresolved nodes are not auto-promoted to boundaries,real_2025_internal_network_node_mapping,exact_match,78b6a476a4210567b65bb0c79647bfd8aee8d99aed60795a84c4cd864db56825
QX-00010,110,BDZ-00097,exact_same_region_110kv_station,BDZ-00097,False,network_lines_110kv.csv:endpoints+transformer_master.csv,电网建模数据_Agent整合版_V1.2,exact anonymized ID comparison only; unresolved nodes are not auto-promoted to boundaries,real_2025_internal_network_node_mapping,exact_match,78b6a476a4210567b65bb0c79647bfd8aee8d99aed60795a84c4cd864db56825
QX-00010,110,BDZ-00099,exact_same_region_110kv_station,BDZ-00099,False,network_lines_110kv.csv:endpoints+transformer_master.csv,电网建模数据_Agent整合版_V1.2,exact anonymized ID comparison only; unresolved nodes are not auto-promoted to boundaries,real_2025_internal_network_node_mapping,exact_match,78b6a476a4210567b65bb0c79647bfd8aee8d99aed60795a84c4cd864db56825
QX-00010,110,BDZ-00108,exact_same_region_110kv_station,BDZ-00108,False,network_lines_110kv.csv:endpoints+transformer_master.csv,电网建模数据_Agent整合版_V1.2,exact anonymized ID comparison only; unresolved nodes are not auto-promoted to boundaries,real_2025_internal_network_node_mapping,exact_match,78b6a476a4210567b65bb0c79647bfd8aee8d99aed60795a84c4cd864db56825
QX-00010,110,BDZ-00109,exact_same_region_110kv_station,BDZ-00109,False,network_lines_110kv.csv:endpoints+transformer_master.csv,电网建模数据_Agent整合版_V1.2,exact anonymized ID comparison only; unresolved nodes are not auto-promoted to boundaries,real_2025_internal_network_node_mapping,exact_match,78b6a476a4210567b65bb0c79647bfd8aee8d99aed60795a84c4cd864db56825
QX-00010,110,BDZ-00120,exact_same_region_110kv_station,BDZ-00120,False,network_lines_110kv.csv:endpoints+transformer_master.csv,电网建模数据_Agent整合版_V1.2,exact anonymized ID comparison only; unresolved nodes are not auto-promoted to boundaries,real_2025_internal_network_node_mapping,exact_match,78b6a476a4210567b65bb0c79647bfd8aee8d99aed60795a84c4cd864db56825
QX-00010,110,BDZ-00122,exact_same_region_110kv_station,BDZ-00122,False,network_lines_110kv.csv:endpoints+transformer_master.csv,电网建模数据_Agent整合版_V1.2,exact anonymized ID comparison only; unresolved nodes are not auto-promoted to boundaries,real_2025_internal_network_node_mapping,exact_match,78b6a476a4210567b65bb0c79647bfd8aee8d99aed60795a84c4cd864db56825
QX-00010,110,BDZ-00133,exact_same_region_110kv_station,BDZ-00133,False,network_lines_110kv.csv:endpoints+transformer_master.csv,电网建模数据_Agent整合版_V1.2,exact anonymized ID comparison only; unresolved nodes are not auto-promoted to boundaries,real_2025_internal_network_node_mapping,exact_match,78b6a476a4210567b65bb0c79647bfd8aee8d99aed60795a84c4cd864db56825
QX-00010,110,BDZ-00145,exact_same_region_110kv_station,BDZ-00145,False,network_lines_110kv.csv:endpoints+transformer_master.csv,电网建模数据_Agent整合版_V1.2,exact anonymized ID comparison only; unresolved nodes are not auto-promoted to boundaries,real_2025_internal_network_node_mapping,exact_match,78b6a476a4210567b65bb0c79647bfd8aee8d99aed60795a84c4cd864db56825
QX-00010,110,BDZ-00157,unresolved_nonstudy_or_boundary_candidate,,False,network_lines_110kv.csv:endpoints+transformer_master.csv,电网建模数据_Agent整合版_V1.2,exact anonymized ID comparison only; unresolved nodes are not auto-promoted to boundaries,real_2025_internal_network_node_mapping,mapping_review_required,78b6a476a4210567b65bb0c79647bfd8aee8d99aed60795a84c4cd864db56825
QX-00010,110,BDZ-00160,exact_same_region_110kv_station,BDZ-00160,False,network_lines_110kv.csv:endpoints+transformer_master.csv,电网建模数据_Agent整合版_V1.2,exact anonymized ID comparison only; unresolved nodes are not auto-promoted to boundaries,real_2025_internal_network_node_mapping,exact_match,78b6a476a4210567b65bb0c79647bfd8aee8d99aed60795a84c4cd864db56825
QX-00010,110,BDZ-00168,unresolved_nonstudy_or_boundary_candidate,,False,network_lines_110kv.csv:endpoints+transformer_master.csv,电网建模数据_Agent整合版_V1.2,exact anonymized ID comparison only; unresolved nodes are not auto-promoted to boundaries,real_2025_internal_network_node_mapping,mapping_review_required,78b6a476a4210567b65bb0c79647bfd8aee8d99aed60795a84c4cd864db56825
QX-00010,110,BDZ-00179,exact_same_region_110kv_station,BDZ-00179,False,network_lines_110kv.csv:endpoints+transformer_master.csv,电网建模数据_Agent整合版_V1.2,exact anonymized ID comparison only; unresolved nodes are not auto-promoted to boundaries,real_2025_internal_network_node_mapping,exact_match,78b6a476a4210567b65bb0c79647bfd8aee8d99aed60795a84c4cd864db56825
QX-00010,110,BDZ-00185,exact_same_region_110kv_station,BDZ-00185,False,network_lines_110kv.csv:endpoints+transformer_master.csv,电网建模数据_Agent整合版_V1.2,exact anonymized ID comparison only; unresolved nodes are not auto-promoted to boundaries,real_2025_internal_network_node_mapping,exact_match,78b6a476a4210567b65bb0c79647bfd8aee8d99aed60795a84c4cd864db56825
QX-00010,110,BDZ-00199,unresolved_nonstudy_or_boundary_candidate,,False,network_lines_110kv.csv:endpoints+transformer_master.csv,电网建模数据_Agent整合版_V1.2,exact anonymized ID comparison only; unresolved nodes are not auto-promoted to boundaries,real_2025_internal_network_node_mapping,mapping_review_required,78b6a476a4210567b65bb0c79647bfd8aee8d99aed60795a84c4cd864db56825
QX-00010,110,BDZ-00200,unresolved_nonstudy_or_boundary_candidate,,False,network_lines_110kv.csv:endpoints+transformer_master.csv,电网建模数据_Agent整合版_V1.2,exact anonymized ID comparison only; unresolved nodes are not auto-promoted to boundaries,real_2025_internal_network_node_mapping,mapping_review_required,78b6a476a4210567b65bb0c79647bfd8aee8d99aed60795a84c4cd864db56825
QX-00010,110,BDZ-00205,unresolved_nonstudy_or_boundary_candidate,,False,network_lines_110kv.csv:endpoints+transformer_master.csv,电网建模数据_Agent整合版_V1.2,exact anonymized ID comparison only; unresolved nodes are not auto-promoted to boundaries,real_2025_internal_network_node_mapping,mapping_review_required,78b6a476a4210567b65bb0c79647bfd8aee8d99aed60795a84c4cd864db56825
QX-00010,110,BDZ-00207,unresolved_nonstudy_or_boundary_candidate,,False,network_lines_110kv.csv:endpoints+transformer_master.csv,电网建模数据_Agent整合版_V1.2,exact anonymized ID comparison only; unresolved nodes are not auto-promoted to boundaries,real_2025_internal_network_node_mapping,mapping_review_required,78b6a476a4210567b65bb0c79647bfd8aee8d99aed60795a84c4cd864db56825
QX-00010,110,BDZ-00214,unresolved_nonstudy_or_boundary_candidate,,False,network_lines_110kv.csv:endpoints+transformer_master.csv,电网建模数据_Agent整合版_V1.2,exact anonymized ID comparison only; unresolved nodes are not auto-promoted to boundaries,real_2025_internal_network_node_mapping,mapping_review_required,78b6a476a4210567b65bb0c79647bfd8aee8d99aed60795a84c4cd864db56825
QX-00010,110,BDZ-00234,unresolved_nonstudy_or_boundary_candidate,,False,network_lines_110kv.csv:endpoints+transformer_master.csv,电网建模数据_Agent整合版_V1.2,exact anonymized ID comparison only; unresolved nodes are not auto-promoted to boundaries,real_2025_internal_network_node_mapping,mapping_review_required,78b6a476a4210567b65bb0c79647bfd8aee8d99aed60795a84c4cd864db56825
QX-00010,110,BDZ-00241,unresolved_nonstudy_or_boundary_candidate,,False,network_lines_110kv.csv:endpoints+transformer_master.csv,电网建模数据_Agent整合版_V1.2,exact anonymized ID comparison only; unresolved nodes are not auto-promoted to boundaries,real_2025_internal_network_node_mapping,mapping_review_required,78b6a476a4210567b65bb0c79647bfd8aee8d99aed60795a84c4cd864db56825
QX-00010,110,BDZ-00340,unresolved_nonstudy_or_boundary_candidate,,False,network_lines_110kv.csv:endpoints+transformer_master.csv,电网建模数据_Agent整合版_V1.2,exact anonymized ID comparison only; unresolved nodes are not auto-promoted to boundaries,real_2025_internal_network_node_mapping,mapping_review_required,78b6a476a4210567b65bb0c79647bfd8aee8d99aed60795a84c4cd864db56825
QX-00010,110,BDZ-00355,unresolved_nonstudy_or_boundary_candidate,,False,network_lines_110kv.csv:endpoints+transformer_master.csv,电网建模数据_Agent整合版_V1.2,exact anonymized ID comparison only; unresolved nodes are not auto-promoted to boundaries,real_2025_internal_network_node_mapping,mapping_review_required,78b6a476a4210567b65bb0c79647bfd8aee8d99aed60795a84c4cd864db56825
QX-00010,110,BDZ-00366,unresolved_nonstudy_or_boundary_candidate,,False,network_lines_110kv.csv:endpoints+transformer_master.csv,电网建模数据_Agent整合版_V1.2,exact anonymized ID comparison only; unresolved nodes are not auto-promoted to boundaries,real_2025_internal_network_node_mapping,mapping_review_required,78b6a476a4210567b65bb0c79647bfd8aee8d99aed60795a84c4cd864db56825
QX-00010,110,BDZ-00368,unresolved_nonstudy_or_boundary_candidate,,False,network_lines_110kv.csv:endpoints+transformer_master.csv,电网建模数据_Agent整合版_V1.2,exact anonymized ID comparison only; unresolved nodes are not auto-promoted to boundaries,real_2025_internal_network_node_mapping,mapping_review_required,78b6a476a4210567b65bb0c79647bfd8aee8d99aed60795a84c4cd864db56825
