region_id,voltage_kv,station_id,parent_supply_id,all_parent_supply_ids,mixed_unit_parent_supply,parent_scope,parent_mapping_status,cross_layer_enumeration_status,cross_layer_cost_aggregated,source_ref,source_version,transformation,scenario_id,quality_flag,source_sha256
QX-00001,35,BDZ-00249,BDZ-00126,BDZ-00126,False,in_scope_110kv,complete_anonymized_parent_id,eligible_but_not_enumerated_without_synchronous_transfer_and_35kv_discrete_candidates,False,transformer_master.csv:parent_supply_id,电网建模数据_Agent整合版_V1.2,classify anonymized 35-kV parent against same-region in-scope 110-kV station IDs,real_2025_cross_voltage_mapping,mapping_complete_no_cost_propagation,41483aa3a30ba136c34a10e665a7464713439fad154c682043ecc3a1a31d8918
QX-00001,35,BDZ-00252,BDZ-00208,BDZ-00072;BDZ-00208,True,external_upstream,complete_primary_parent_mixed_unit_context,mixed_unit_parent_not_eligible_for_joint_enumeration,False,transformer_master.csv:parent_supply_id,电网建模数据_Agent整合版_V1.2,classify anonymized 35-kV parent against same-region in-scope 110-kV station IDs,real_2025_cross_voltage_mapping,primary_parent_contract_context_secondary_parent_preserved,41483aa3a30ba136c34a10e665a7464713439fad154c682043ecc3a1a31d8918
QX-00001,35,BDZ-00261,BDZ-00117,BDZ-00117;BDZ-00188,True,in_scope_110kv,complete_primary_parent_mixed_unit_context,mixed_unit_parent_not_eligible_for_joint_enumeration,False,transformer_master.csv:parent_supply_id,电网建模数据_Agent整合版_V1.2,classify anonymized 35-kV parent against same-region in-scope 110-kV station IDs,real_2025_cross_voltage_mapping,primary_parent_contract_context_secondary_parent_preserved,41483aa3a30ba136c34a10e665a7464713439fad154c682043ecc3a1a31d8918
QX-00001,35,BDZ-00275,BDZ-00208,BDZ-00072;BDZ-00208,True,external_upstream,complete_primary_parent_mixed_unit_context,mixed_unit_parent_not_eligible_for_joint_enumeration,False,transformer_master.csv:parent_supply_id,电网建模数据_Agent整合版_V1.2,classify anonymized 35-kV parent against same-region in-scope 110-kV station IDs,real_2025_cross_voltage_mapping,primary_parent_contract_context_secondary_parent_preserved,41483aa3a30ba136c34a10e665a7464713439fad154c682043ecc3a1a31d8918
QX-00001,35,BDZ-00279,BDZ-00126,BDZ-00126,False,in_scope_110kv,complete_anonymized_parent_id,eligible_but_not_enumerated_without_synchronous_transfer_and_35kv_discrete_candidates,False,transformer_master.csv:parent_supply_id,电网建模数据_Agent整合版_V1.2,classify anonymized 35-kV parent against same-region in-scope 110-kV station IDs,real_2025_cross_voltage_mapping,mapping_complete_no_cost_propagation,41483aa3a30ba136c34a10e665a7464713439fad154c682043ecc3a1a31d8918
QX-00001,35,BDZ-00298,BDZ-00197,BDZ-00123;BDZ-00197,True,external_upstream,complete_primary_parent_mixed_unit_context,mixed_unit_parent_not_eligible_for_joint_enumeration,False,transformer_master.csv:parent_supply_id,电网建模数据_Agent整合版_V1.2,classify anonymized 35-kV parent against same-region in-scope 110-kV station IDs,real_2025_cross_voltage_mapping,primary_parent_contract_context_secondary_parent_preserved,41483aa3a30ba136c34a10e665a7464713439fad154c682043ecc3a1a31d8918
QX-00001,35,BDZ-00299,BDZ-00126,BDZ-00126;BDZ-00208,True,in_scope_110kv,complete_primary_parent_mixed_unit_context,mixed_unit_parent_not_eligible_for_joint_enumeration,False,transformer_master.csv:parent_supply_id,电网建模数据_Agent整合版_V1.2,classify anonymized 35-kV parent against same-region in-scope 110-kV station IDs,real_2025_cross_voltage_mapping,primary_parent_contract_context_secondary_parent_preserved,41483aa3a30ba136c34a10e665a7464713439fad154c682043ecc3a1a31d8918
QX-00001,35,BDZ-00321,BDZ-00188,BDZ-00033;BDZ-00188,True,external_upstream,complete_primary_parent_mixed_unit_context,mixed_unit_parent_not_eligible_for_joint_enumeration,False,transformer_master.csv:parent_supply_id,电网建模数据_Agent整合版_V1.2,classify anonymized 35-kV parent against same-region in-scope 110-kV station IDs,real_2025_cross_voltage_mapping,primary_parent_contract_context_secondary_parent_preserved,41483aa3a30ba136c34a10e665a7464713439fad154c682043ecc3a1a31d8918
QX-00003,35,BDZ-00254,BDZ-00204,BDZ-00204,False,external_upstream,complete_anonymized_parent_id,outside_in_scope_110kv_joint_enumeration,False,transformer_master.csv:parent_supply_id,电网建模数据_Agent整合版_V1.2,classify anonymized 35-kV parent against same-region in-scope 110-kV station IDs,real_2025_cross_voltage_mapping,mapping_complete_no_cost_propagation,41483aa3a30ba136c34a10e665a7464713439fad154c682043ecc3a1a31d8918
QX-00003,35,BDZ-00258,BDZ-00007,BDZ-00007;BDZ-00222,True,in_scope_110kv,complete_primary_parent_mixed_unit_context,mixed_unit_parent_not_eligible_for_joint_enumeration,False,transformer_master.csv:parent_supply_id,电网建模数据_Agent整合版_V1.2,classify anonymized 35-kV parent against same-region in-scope 110-kV station IDs,real_2025_cross_voltage_mapping,primary_parent_contract_context_secondary_parent_preserved,41483aa3a30ba136c34a10e665a7464713439fad154c682043ecc3a1a31d8918
QX-00003,35,BDZ-00267,BDZ-00017,BDZ-00017,False,in_scope_110kv,complete_anonymized_parent_id,eligible_but_not_enumerated_without_synchronous_transfer_and_35kv_discrete_candidates,False,transformer_master.csv:parent_supply_id,电网建模数据_Agent整合版_V1.2,classify anonymized 35-kV parent against same-region in-scope 110-kV station IDs,real_2025_cross_voltage_mapping,mapping_complete_no_cost_propagation,41483aa3a30ba136c34a10e665a7464713439fad154c682043ecc3a1a31d8918
QX-00003,35,BDZ-00268,BDZ-00204,BDZ-00018;BDZ-00204,True,external_upstream,complete_primary_parent_mixed_unit_context,mixed_unit_parent_not_eligible_for_joint_enumeration,False,transformer_master.csv:parent_supply_id,电网建模数据_Agent整合版_V1.2,classify anonymized 35-kV parent against same-region in-scope 110-kV station IDs,real_2025_cross_voltage_mapping,primary_parent_contract_context_secondary_parent_preserved,41483aa3a30ba136c34a10e665a7464713439fad154c682043ecc3a1a31d8918
QX-00003,35,BDZ-00282,BDZ-00204,BDZ-00204;BDZ-00239,True,external_upstream,complete_primary_parent_mixed_unit_context,mixed_unit_parent_not_eligible_for_joint_enumeration,False,transformer_master.csv:parent_supply_id,电网建模数据_Agent整合版_V1.2,classify anonymized 35-kV parent against same-region in-scope 110-kV station IDs,real_2025_cross_voltage_mapping,primary_parent_contract_context_secondary_parent_preserved,41483aa3a30ba136c34a10e665a7464713439fad154c682043ecc3a1a31d8918
QX-00003,35,BDZ-00286,BDZ-00210,BDZ-00210,False,external_upstream,complete_anonymized_parent_id,outside_in_scope_110kv_joint_enumeration,False,transformer_master.csv:parent_supply_id,电网建模数据_Agent整合版_V1.2,classify anonymized 35-kV parent against same-region in-scope 110-kV station IDs,real_2025_cross_voltage_mapping,mapping_complete_no_cost_propagation,41483aa3a30ba136c34a10e665a7464713439fad154c682043ecc3a1a31d8918
QX-00003,35,BDZ-00294,BDZ-00025,BDZ-00025;BDZ-00210,True,in_scope_110kv,complete_primary_parent_mixed_unit_context,mixed_unit_parent_not_eligible_for_joint_enumeration,False,transformer_master.csv:parent_supply_id,电网建模数据_Agent整合版_V1.2,classify anonymized 35-kV parent against same-region in-scope 110-kV station IDs,real_2025_cross_voltage_mapping,primary_parent_contract_context_secondary_parent_preserved,41483aa3a30ba136c34a10e665a7464713439fad154c682043ecc3a1a31d8918
QX-00003,35,BDZ-00302,BDZ-00222,BDZ-00210;BDZ-00222,True,external_upstream,complete_primary_parent_mixed_unit_context,mixed_unit_parent_not_eligible_for_joint_enumeration,False,transformer_master.csv:parent_supply_id,电网建模数据_Agent整合版_V1.2,classify anonymized 35-kV parent against same-region in-scope 110-kV station IDs,real_2025_cross_voltage_mapping,primary_parent_contract_context_secondary_parent_preserved,41483aa3a30ba136c34a10e665a7464713439fad154c682043ecc3a1a31d8918
QX-00003,35,BDZ-00305,BDZ-00025,BDZ-00025,False,in_scope_110kv,complete_anonymized_parent_id,eligible_but_not_enumerated_without_synchronous_transfer_and_35kv_discrete_candidates,False,transformer_master.csv:parent_supply_id,电网建模数据_Agent整合版_V1.2,classify anonymized 35-kV parent against same-region in-scope 110-kV station IDs,real_2025_cross_voltage_mapping,mapping_complete_no_cost_propagation,41483aa3a30ba136c34a10e665a7464713439fad154c682043ecc3a1a31d8918
QX-00003,35,BDZ-00311,BDZ-00025,BDZ-00025,False,in_scope_110kv,complete_anonymized_parent_id,eligible_but_not_enumerated_without_synchronous_transfer_and_35kv_discrete_candidates,False,transformer_master.csv:parent_supply_id,电网建模数据_Agent整合版_V1.2,classify anonymized 35-kV parent against same-region in-scope 110-kV station IDs,real_2025_cross_voltage_mapping,mapping_complete_no_cost_propagation,41483aa3a30ba136c34a10e665a7464713439fad154c682043ecc3a1a31d8918
QX-00004,35,BDZ-00250,BDZ-00206,BDZ-00206,False,external_upstream,complete_anonymized_parent_id,outside_in_scope_110kv_joint_enumeration,False,transformer_master.csv:parent_supply_id,电网建模数据_Agent整合版_V1.2,classify anonymized 35-kV parent against same-region in-scope 110-kV station IDs,real_2025_cross_voltage_mapping,mapping_complete_no_cost_propagation,41483aa3a30ba136c34a10e665a7464713439fad154c682043ecc3a1a31d8918
QX-00004,35,BDZ-00262,BDZ-00206,BDZ-00206,False,external_upstream,complete_anonymized_parent_id,outside_in_scope_110kv_joint_enumeration,False,transformer_master.csv:parent_supply_id,电网建模数据_Agent整合版_V1.2,classify anonymized 35-kV parent against same-region in-scope 110-kV station IDs,real_2025_cross_voltage_mapping,mapping_complete_no_cost_propagation,41483aa3a30ba136c34a10e665a7464713439fad154c682043ecc3a1a31d8918
QX-00004,35,BDZ-00263,BDZ-00206,BDZ-00206,False,external_upstream,complete_anonymized_parent_id,outside_in_scope_110kv_joint_enumeration,False,transformer_master.csv:parent_supply_id,电网建模数据_Agent整合版_V1.2,classify anonymized 35-kV parent against same-region in-scope 110-kV station IDs,real_2025_cross_voltage_mapping,mapping_complete_no_cost_propagation,41483aa3a30ba136c34a10e665a7464713439fad154c682043ecc3a1a31d8918
QX-00004,35,BDZ-00265,BDZ-00232,BDZ-00232,False,external_upstream,complete_anonymized_parent_id,outside_in_scope_110kv_joint_enumeration,False,transformer_master.csv:parent_supply_id,电网建模数据_Agent整合版_V1.2,classify anonymized 35-kV parent against same-region in-scope 110-kV station IDs,real_2025_cross_voltage_mapping,mapping_complete_no_cost_propagation,41483aa3a30ba136c34a10e665a7464713439fad154c682043ecc3a1a31d8918
QX-00004,35,BDZ-00285,BDZ-00232,BDZ-00061;BDZ-00232,True,external_upstream,complete_primary_parent_mixed_unit_context,mixed_unit_parent_not_eligible_for_joint_enumeration,False,transformer_master.csv:parent_supply_id,电网建模数据_Agent整合版_V1.2,classify anonymized 35-kV parent against same-region in-scope 110-kV station IDs,real_2025_cross_voltage_mapping,primary_parent_contract_context_secondary_parent_preserved,41483aa3a30ba136c34a10e665a7464713439fad154c682043ecc3a1a31d8918
QX-00004,35,BDZ-00287,BDZ-00064,BDZ-00064,False,in_scope_110kv,complete_anonymized_parent_id,eligible_but_not_enumerated_without_synchronous_transfer_and_35kv_discrete_candidates,False,transformer_master.csv:parent_supply_id,电网建模数据_Agent整合版_V1.2,classify anonymized 35-kV parent against same-region in-scope 110-kV station IDs,real_2025_cross_voltage_mapping,mapping_complete_no_cost_propagation,41483aa3a30ba136c34a10e665a7464713439fad154c682043ecc3a1a31d8918
QX-00004,35,BDZ-00289,BDZ-00149,BDZ-00061;BDZ-00149,True,in_scope_110kv,complete_primary_parent_mixed_unit_context,mixed_unit_parent_not_eligible_for_joint_enumeration,False,transformer_master.csv:parent_supply_id,电网建模数据_Agent整合版_V1.2,classify anonymized 35-kV parent against same-region in-scope 110-kV station IDs,real_2025_cross_voltage_mapping,primary_parent_contract_context_secondary_parent_preserved,41483aa3a30ba136c34a10e665a7464713439fad154c682043ecc3a1a31d8918
QX-00004,35,BDZ-00309,BDZ-00149,BDZ-00149,False,in_scope_110kv,complete_anonymized_parent_id,eligible_but_not_enumerated_without_synchronous_transfer_and_35kv_discrete_candidates,False,transformer_master.csv:parent_supply_id,电网建模数据_Agent整合版_V1.2,classify anonymized 35-kV parent against same-region in-scope 110-kV station IDs,real_2025_cross_voltage_mapping,mapping_complete_no_cost_propagation,41483aa3a30ba136c34a10e665a7464713439fad154c682043ecc3a1a31d8918
QX-00004,35,BDZ-00312,BDZ-00149,BDZ-00149;BDZ-00206,True,in_scope_110kv,complete_primary_parent_mixed_unit_context,mixed_unit_parent_not_eligible_for_joint_enumeration,False,transformer_master.csv:parent_supply_id,电网建模数据_Agent整合版_V1.2,classify anonymized 35-kV parent against same-region in-scope 110-kV station IDs,real_2025_cross_voltage_mapping,primary_parent_contract_context_secondary_parent_preserved,41483aa3a30ba136c34a10e665a7464713439fad154c682043ecc3a1a31d8918
QX-00005,35,BDZ-00246,BDZ-00238,BDZ-00238,False,external_upstream,complete_anonymized_parent_id,outside_in_scope_110kv_joint_enumeration,False,transformer_master.csv:parent_supply_id,电网建模数据_Agent整合版_V1.2,classify anonymized 35-kV parent against same-region in-scope 110-kV station IDs,real_2025_cross_voltage_mapping,mapping_complete_no_cost_propagation,41483aa3a30ba136c34a10e665a7464713439fad154c682043ecc3a1a31d8918
QX-00005,35,BDZ-00247,BDZ-00005,BDZ-00005,False,in_scope_110kv,complete_anonymized_parent_id,eligible_but_not_enumerated_without_synchronous_transfer_and_35kv_discrete_candidates,False,transformer_master.csv:parent_supply_id,电网建模数据_Agent整合版_V1.2,classify anonymized 35-kV parent against same-region in-scope 110-kV station IDs,real_2025_cross_voltage_mapping,mapping_complete_no_cost_propagation,41483aa3a30ba136c34a10e665a7464713439fad154c682043ecc3a1a31d8918
QX-00005,35,BDZ-00248,BDZ-00124,BDZ-00124;BDZ-00222,True,in_scope_110kv,complete_primary_parent_mixed_unit_context,mixed_unit_parent_not_eligible_for_joint_enumeration,False,transformer_master.csv:parent_supply_id,电网建模数据_Agent整合版_V1.2,classify anonymized 35-kV parent against same-region in-scope 110-kV station IDs,real_2025_cross_voltage_mapping,primary_parent_contract_context_secondary_parent_preserved,41483aa3a30ba136c34a10e665a7464713439fad154c682043ecc3a1a31d8918
QX-00005,35,BDZ-00255,BDZ-00135,BDZ-00135,False,in_scope_110kv,complete_anonymized_parent_id,eligible_but_not_enumerated_without_synchronous_transfer_and_35kv_discrete_candidates,False,transformer_master.csv:parent_supply_id,电网建模数据_Agent整合版_V1.2,classify anonymized 35-kV parent against same-region in-scope 110-kV station IDs,real_2025_cross_voltage_mapping,mapping_complete_no_cost_propagation,41483aa3a30ba136c34a10e665a7464713439fad154c682043ecc3a1a31d8918
QX-00005,35,BDZ-00280,BDZ-00220,BDZ-00186;BDZ-00220,True,external_upstream,complete_primary_parent_mixed_unit_context,mixed_unit_parent_not_eligible_for_joint_enumeration,False,transformer_master.csv:parent_supply_id,电网建模数据_Agent整合版_V1.2,classify anonymized 35-kV parent against same-region in-scope 110-kV station IDs,real_2025_cross_voltage_mapping,primary_parent_contract_context_secondary_parent_preserved,41483aa3a30ba136c34a10e665a7464713439fad154c682043ecc3a1a31d8918
QX-00005,35,BDZ-00290,BDZ-00238,BDZ-00005;BDZ-00238,True,external_upstream,complete_primary_parent_mixed_unit_context,mixed_unit_parent_not_eligible_for_joint_enumeration,False,transformer_master.csv:parent_supply_id,电网建模数据_Agent整合版_V1.2,classify anonymized 35-kV parent against same-region in-scope 110-kV station IDs,real_2025_cross_voltage_mapping,primary_parent_contract_context_secondary_parent_preserved,41483aa3a30ba136c34a10e665a7464713439fad154c682043ecc3a1a31d8918
QX-00005,35,BDZ-00314,BDZ-00238,BDZ-00238,False,external_upstream,complete_anonymized_parent_id,outside_in_scope_110kv_joint_enumeration,False,transformer_master.csv:parent_supply_id,电网建模数据_Agent整合版_V1.2,classify anonymized 35-kV parent against same-region in-scope 110-kV station IDs,real_2025_cross_voltage_mapping,mapping_complete_no_cost_propagation,41483aa3a30ba136c34a10e665a7464713439fad154c682043ecc3a1a31d8918
QX-00005,35,BDZ-00325,BDZ-00135,BDZ-00135,False,in_scope_110kv,complete_anonymized_parent_id,eligible_but_not_enumerated_without_synchronous_transfer_and_35kv_discrete_candidates,False,transformer_master.csv:parent_supply_id,电网建模数据_Agent整合版_V1.2,classify anonymized 35-kV parent against same-region in-scope 110-kV station IDs,real_2025_cross_voltage_mapping,mapping_complete_no_cost_propagation,41483aa3a30ba136c34a10e665a7464713439fad154c682043ecc3a1a31d8918
QX-00007,35,BDZ-00271,BDZ-00203,BDZ-00203,False,external_upstream,complete_anonymized_parent_id,outside_in_scope_110kv_joint_enumeration,False,transformer_master.csv:parent_supply_id,电网建模数据_Agent整合版_V1.2,classify anonymized 35-kV parent against same-region in-scope 110-kV station IDs,real_2025_cross_voltage_mapping,mapping_complete_no_cost_propagation,41483aa3a30ba136c34a10e665a7464713439fad154c682043ecc3a1a31d8918
QX-00008,35,BDZ-00257,BDZ-00217,BDZ-00217,False,external_upstream,complete_anonymized_parent_id,outside_in_scope_110kv_joint_enumeration,False,transformer_master.csv:parent_supply_id,电网建模数据_Agent整合版_V1.2,classify anonymized 35-kV parent against same-region in-scope 110-kV station IDs,real_2025_cross_voltage_mapping,mapping_complete_no_cost_propagation,41483aa3a30ba136c34a10e665a7464713439fad154c682043ecc3a1a31d8918
QX-00008,35,BDZ-00269,BDZ-00217,BDZ-00217,False,external_upstream,complete_anonymized_parent_id,outside_in_scope_110kv_joint_enumeration,False,transformer_master.csv:parent_supply_id,电网建模数据_Agent整合版_V1.2,classify anonymized 35-kV parent against same-region in-scope 110-kV station IDs,real_2025_cross_voltage_mapping,mapping_complete_no_cost_propagation,41483aa3a30ba136c34a10e665a7464713439fad154c682043ecc3a1a31d8918
QX-00008,35,BDZ-00292,BDZ-00043,BDZ-00043,False,in_scope_110kv,complete_anonymized_parent_id,eligible_but_not_enumerated_without_synchronous_transfer_and_35kv_discrete_candidates,False,transformer_master.csv:parent_supply_id,电网建模数据_Agent整合版_V1.2,classify anonymized 35-kV parent against same-region in-scope 110-kV station IDs,real_2025_cross_voltage_mapping,mapping_complete_no_cost_propagation,41483aa3a30ba136c34a10e665a7464713439fad154c682043ecc3a1a31d8918
QX-00008,35,BDZ-00293,BDZ-00209,BDZ-00045;BDZ-00209,True,external_upstream,complete_primary_parent_mixed_unit_context,mixed_unit_parent_not_eligible_for_joint_enumeration,False,transformer_master.csv:parent_supply_id,电网建模数据_Agent整合版_V1.2,classify anonymized 35-kV parent against same-region in-scope 110-kV station IDs,real_2025_cross_voltage_mapping,primary_parent_contract_context_secondary_parent_preserved,41483aa3a30ba136c34a10e665a7464713439fad154c682043ecc3a1a31d8918
QX-00008,35,BDZ-00301,BDZ-00217,BDZ-00217;BDZ-00257,True,external_upstream,complete_primary_parent_mixed_unit_context,mixed_unit_parent_not_eligible_for_joint_enumeration,False,transformer_master.csv:parent_supply_id,电网建模数据_Agent整合版_V1.2,classify anonymized 35-kV parent against same-region in-scope 110-kV station IDs,real_2025_cross_voltage_mapping,primary_parent_contract_context_secondary_parent_preserved,41483aa3a30ba136c34a10e665a7464713439fad154c682043ecc3a1a31d8918
QX-00008,35,BDZ-00320,BDZ-00081,BDZ-00043;BDZ-00081,True,in_scope_110kv,complete_primary_parent_mixed_unit_context,mixed_unit_parent_not_eligible_for_joint_enumeration,False,transformer_master.csv:parent_supply_id,电网建模数据_Agent整合版_V1.2,classify anonymized 35-kV parent against same-region in-scope 110-kV station IDs,real_2025_cross_voltage_mapping,primary_parent_contract_context_secondary_parent_preserved,41483aa3a30ba136c34a10e665a7464713439fad154c682043ecc3a1a31d8918
QX-00009,35,BDZ-00253,BDZ-00176,BDZ-00176,False,in_scope_110kv,complete_anonymized_parent_id,eligible_but_not_enumerated_without_synchronous_transfer_and_35kv_discrete_candidates,False,transformer_master.csv:parent_supply_id,电网建模数据_Agent整合版_V1.2,classify anonymized 35-kV parent against same-region in-scope 110-kV station IDs,real_2025_cross_voltage_mapping,mapping_complete_no_cost_propagation,41483aa3a30ba136c34a10e665a7464713439fad154c682043ecc3a1a31d8918
QX-00009,35,BDZ-00259,BDZ-00242,BDZ-00242,False,external_upstream,complete_anonymized_parent_id,outside_in_scope_110kv_joint_enumeration,False,transformer_master.csv:parent_supply_id,电网建模数据_Agent整合版_V1.2,classify anonymized 35-kV parent against same-region in-scope 110-kV station IDs,real_2025_cross_voltage_mapping,mapping_complete_no_cost_propagation,41483aa3a30ba136c34a10e665a7464713439fad154c682043ecc3a1a31d8918
QX-00009,35,BDZ-00266,BDZ-00218,BDZ-00218,False,external_upstream,complete_anonymized_parent_id,outside_in_scope_110kv_joint_enumeration,False,transformer_master.csv:parent_supply_id,电网建模数据_Agent整合版_V1.2,classify anonymized 35-kV parent against same-region in-scope 110-kV station IDs,real_2025_cross_voltage_mapping,mapping_complete_no_cost_propagation,41483aa3a30ba136c34a10e665a7464713439fad154c682043ecc3a1a31d8918
QX-00009,35,BDZ-00277,BDZ-00224,BDZ-00224,False,external_upstream,complete_anonymized_parent_id,outside_in_scope_110kv_joint_enumeration,False,transformer_master.csv:parent_supply_id,电网建模数据_Agent整合版_V1.2,classify anonymized 35-kV parent against same-region in-scope 110-kV station IDs,real_2025_cross_voltage_mapping,mapping_complete_no_cost_propagation,41483aa3a30ba136c34a10e665a7464713439fad154c682043ecc3a1a31d8918
QX-00009,35,BDZ-00281,BDZ-00129,BDZ-00129,False,in_scope_110kv,complete_anonymized_parent_id,eligible_but_not_enumerated_without_synchronous_transfer_and_35kv_discrete_candidates,False,transformer_master.csv:parent_supply_id,电网建模数据_Agent整合版_V1.2,classify anonymized 35-kV parent against same-region in-scope 110-kV station IDs,real_2025_cross_voltage_mapping,mapping_complete_no_cost_propagation,41483aa3a30ba136c34a10e665a7464713439fad154c682043ecc3a1a31d8918
QX-00009,35,BDZ-00284,BDZ-00310,BDZ-00020;BDZ-00310,True,external_upstream,complete_primary_parent_mixed_unit_context,mixed_unit_parent_not_eligible_for_joint_enumeration,False,transformer_master.csv:parent_supply_id,电网建模数据_Agent整合版_V1.2,classify anonymized 35-kV parent against same-region in-scope 110-kV station IDs,real_2025_cross_voltage_mapping,primary_parent_contract_context_secondary_parent_preserved,41483aa3a30ba136c34a10e665a7464713439fad154c682043ecc3a1a31d8918
QX-00009,35,BDZ-00303,BDZ-00091,BDZ-00091;BDZ-00218,True,in_scope_110kv,complete_primary_parent_mixed_unit_context,mixed_unit_parent_not_eligible_for_joint_enumeration,False,transformer_master.csv:parent_supply_id,电网建模数据_Agent整合版_V1.2,classify anonymized 35-kV parent against same-region in-scope 110-kV station IDs,real_2025_cross_voltage_mapping,primary_parent_contract_context_secondary_parent_preserved,41483aa3a30ba136c34a10e665a7464713439fad154c682043ecc3a1a31d8918
QX-00009,35,BDZ-00310,BDZ-00284,BDZ-00013;BDZ-00284,True,external_upstream,complete_primary_parent_mixed_unit_context,mixed_unit_parent_not_eligible_for_joint_enumeration,False,transformer_master.csv:parent_supply_id,电网建模数据_Agent整合版_V1.2,classify anonymized 35-kV parent against same-region in-scope 110-kV station IDs,real_2025_cross_voltage_mapping,primary_parent_contract_context_secondary_parent_preserved,41483aa3a30ba136c34a10e665a7464713439fad154c682043ecc3a1a31d8918
QX-00010,35,BDZ-00245,BDZ-00200,BDZ-00200,False,external_upstream,complete_anonymized_parent_id,outside_in_scope_110kv_joint_enumeration,False,transformer_master.csv:parent_supply_id,电网建模数据_Agent整合版_V1.2,classify anonymized 35-kV parent against same-region in-scope 110-kV station IDs,real_2025_cross_voltage_mapping,mapping_complete_no_cost_propagation,41483aa3a30ba136c34a10e665a7464713439fad154c682043ecc3a1a31d8918
QX-00010,35,BDZ-00260,BDZ-00054,BDZ-00054,False,in_scope_110kv,complete_anonymized_parent_id,eligible_but_not_enumerated_without_synchronous_transfer_and_35kv_discrete_candidates,False,transformer_master.csv:parent_supply_id,电网建模数据_Agent整合版_V1.2,classify anonymized 35-kV parent against same-region in-scope 110-kV station IDs,real_2025_cross_voltage_mapping,mapping_complete_no_cost_propagation,41483aa3a30ba136c34a10e665a7464713439fad154c682043ecc3a1a31d8918
QX-00010,35,BDZ-00295,BDZ-00145,BDZ-00145,False,in_scope_110kv,complete_anonymized_parent_id,eligible_but_not_enumerated_without_synchronous_transfer_and_35kv_discrete_candidates,False,transformer_master.csv:parent_supply_id,电网建模数据_Agent整合版_V1.2,classify anonymized 35-kV parent against same-region in-scope 110-kV station IDs,real_2025_cross_voltage_mapping,mapping_complete_no_cost_propagation,41483aa3a30ba136c34a10e665a7464713439fad154c682043ecc3a1a31d8918
QX-00010,35,BDZ-00304,BDZ-00200,BDZ-00200;BDZ-00330,True,external_upstream,complete_primary_parent_mixed_unit_context,mixed_unit_parent_not_eligible_for_joint_enumeration,False,transformer_master.csv:parent_supply_id,电网建模数据_Agent整合版_V1.2,classify anonymized 35-kV parent against same-region in-scope 110-kV station IDs,real_2025_cross_voltage_mapping,primary_parent_contract_context_secondary_parent_preserved,41483aa3a30ba136c34a10e665a7464713439fad154c682043ecc3a1a31d8918
QX-00010,35,BDZ-00306,BDZ-00214,BDZ-00214,False,external_upstream,complete_anonymized_parent_id,outside_in_scope_110kv_joint_enumeration,False,transformer_master.csv:parent_supply_id,电网建模数据_Agent整合版_V1.2,classify anonymized 35-kV parent against same-region in-scope 110-kV station IDs,real_2025_cross_voltage_mapping,mapping_complete_no_cost_propagation,41483aa3a30ba136c34a10e665a7464713439fad154c682043ecc3a1a31d8918
QX-00010,35,BDZ-00307,BDZ-00199,BDZ-00054;BDZ-00199,True,external_upstream,complete_primary_parent_mixed_unit_context,mixed_unit_parent_not_eligible_for_joint_enumeration,False,transformer_master.csv:parent_supply_id,电网建模数据_Agent整合版_V1.2,classify anonymized 35-kV parent against same-region in-scope 110-kV station IDs,real_2025_cross_voltage_mapping,primary_parent_contract_context_secondary_parent_preserved,41483aa3a30ba136c34a10e665a7464713439fad154c682043ecc3a1a31d8918
