region_id,voltage_kv,scheme,status,status_reason,evidence_grade,asset_scope_id,capacity_base_mva,positive_peak_base_mw,expansion_delta_mva,storage_modules,incremental_capex_low_wanyuan,incremental_capex_wanyuan,incremental_capex_high_wanyuan,incremental_eac_low_wanyuan_per_year,incremental_eac_wanyuan_per_year,incremental_eac_high_wanyuan_per_year,clr_after,a_expansion_limit_mva,strict_stock_R_le_2_status,selected_candidate_ids,source_ref,source_version,transformation,scenario_id,quality_flag,source_sha256
QX-00001,35,A,infeasible,BDZ-00249:storage_required_but_no_available_connection_bay,EVIDENCE_C,historical_2024_reference_static,276.5,112.361147,0,0,,,,,,,,0,infeasible_due_to_inherited_stock,[],county_baseline.csv+station_master.csv+transformer_master.csv+expansion_cost_library.csv+empirical_station_scenarios.csv.gz+model_contract.yaml,电网建模数据_Agent整合版_V1.2,enumerate source-backed station candidates; solve minimum integer storage modules; county multiple-choice selection,real_2025_C0_A_B,formal_real_planner_output,3cc3600fccd150479b7e50b3d402e20ec6f70bf26a4201440828d23ebcabfe55
QX-00001,35,B,infeasible,BDZ-00249:storage_required_but_no_available_connection_bay,EVIDENCE_C,historical_2024_reference_static,276.5,112.361147,0,0,,,,,,,,0,infeasible_due_to_inherited_stock,[],county_baseline.csv+station_master.csv+transformer_master.csv+expansion_cost_library.csv+empirical_station_scenarios.csv.gz+model_contract.yaml,电网建模数据_Agent整合版_V1.2,enumerate source-backed station candidates; solve minimum integer storage modules; county multiple-choice selection,real_2025_C0_A_B,formal_real_planner_output,3cc3600fccd150479b7e50b3d402e20ec6f70bf26a4201440828d23ebcabfe55
QX-00001,35,C0,noncompliant,BDZ-00249:empirical_central:storage_power_insufficient_for_reverse_limit;BDZ-00261:empirical_central:storage_power_insufficient_for_reverse_limit;BDZ-00279:empirical_central:storage_power_insufficient_for_reverse_limit;BDZ-00298:empirical_central:storage_power_insufficient_for_reverse_limit,EVIDENCE_C,historical_2024_reference_static,276.5,112.361147,0,0,0,0,0,0,0,0,2.460815036,0,infeasible_due_to_inherited_stock,[],county_baseline.csv+station_master.csv+transformer_master.csv+expansion_cost_library.csv+empirical_station_scenarios.csv.gz+model_contract.yaml,电网建模数据_Agent整合版_V1.2,enumerate source-backed station candidates; solve minimum integer storage modules; county multiple-choice selection,real_2025_C0_A_B,formal_real_planner_output,3cc3600fccd150479b7e50b3d402e20ec6f70bf26a4201440828d23ebcabfe55
QX-00003,35,A,feasible,feasible,EVIDENCE_C,historical_2024_reference_static,302,111.634771,0,88,1852.0788,1860.220896,2393.5692,225.1242021,308.5510419,524.2269853,2.70525032,0,infeasible_due_to_inherited_stock,[],county_baseline.csv+station_master.csv+transformer_master.csv+expansion_cost_library.csv+empirical_station_scenarios.csv.gz+model_contract.yaml,电网建模数据_Agent整合版_V1.2,enumerate source-backed station candidates; solve minimum integer storage modules; county multiple-choice selection,real_2025_C0_A_B,formal_real_planner_output,3cc3600fccd150479b7e50b3d402e20ec6f70bf26a4201440828d23ebcabfe55
QX-00003,35,B,feasible,feasible,EVIDENCE_C,historical_2024_reference_static,302,111.634771,0,88,1852.0788,1860.220896,2393.5692,225.1242021,308.5510419,524.2269853,2.70525032,0,infeasible_due_to_inherited_stock,[],county_baseline.csv+station_master.csv+transformer_master.csv+expansion_cost_library.csv+empirical_station_scenarios.csv.gz+model_contract.yaml,电网建模数据_Agent整合版_V1.2,enumerate source-backed station candidates; solve minimum integer storage modules; county multiple-choice selection,real_2025_C0_A_B,formal_real_planner_output,3cc3600fccd150479b7e50b3d402e20ec6f70bf26a4201440828d23ebcabfe55
QX-00003,35,C0,noncompliant,BDZ-00268:empirical_central:storage_power_insufficient_for_reverse_limit;BDZ-00294:empirical_central:storage_power_insufficient_for_reverse_limit,EVIDENCE_C,historical_2024_reference_static,302,111.634771,0,0,0,0,0,0,0,0,2.70525032,0,infeasible_due_to_inherited_stock,[],county_baseline.csv+station_master.csv+transformer_master.csv+expansion_cost_library.csv+empirical_station_scenarios.csv.gz+model_contract.yaml,电网建模数据_Agent整合版_V1.2,enumerate source-backed station candidates; solve minimum integer storage modules; county multiple-choice selection,real_2025_C0_A_B,formal_real_planner_output,3cc3600fccd150479b7e50b3d402e20ec6f70bf26a4201440828d23ebcabfe55
QX-00004,35,A,infeasible,BDZ-00287:storage_required_but_no_available_connection_bay,EVIDENCE_C,historical_2024_reference_static,250,99.858544,0,0,,,,,,,,0,infeasible_due_to_inherited_stock,[],county_baseline.csv+station_master.csv+transformer_master.csv+expansion_cost_library.csv+empirical_station_scenarios.csv.gz+model_contract.yaml,电网建模数据_Agent整合版_V1.2,enumerate source-backed station candidates; solve minimum integer storage modules; county multiple-choice selection,real_2025_C0_A_B,formal_real_planner_output,3cc3600fccd150479b7e50b3d402e20ec6f70bf26a4201440828d23ebcabfe55
QX-00004,35,B,infeasible,BDZ-00287:storage_required_but_no_available_connection_bay,EVIDENCE_C,historical_2024_reference_static,250,99.858544,0,0,,,,,,,,0,infeasible_due_to_inherited_stock,[],county_baseline.csv+station_master.csv+transformer_master.csv+expansion_cost_library.csv+empirical_station_scenarios.csv.gz+model_contract.yaml,电网建模数据_Agent整合版_V1.2,enumerate source-backed station candidates; solve minimum integer storage modules; county multiple-choice selection,real_2025_C0_A_B,formal_real_planner_output,3cc3600fccd150479b7e50b3d402e20ec6f70bf26a4201440828d23ebcabfe55
QX-00004,35,C0,noncompliant,BDZ-00263:empirical_central:storage_power_insufficient_for_reverse_limit;BDZ-00287:empirical_central:storage_power_insufficient_for_reverse_limit;BDZ-00309:empirical_central:storage_power_insufficient_for_reverse_limit,EVIDENCE_C,historical_2024_reference_static,250,99.858544,0,0,0,0,0,0,0,0,2.50354141,0,infeasible_due_to_inherited_stock,[],county_baseline.csv+station_master.csv+transformer_master.csv+expansion_cost_library.csv+empirical_station_scenarios.csv.gz+model_contract.yaml,电网建模数据_Agent整合版_V1.2,enumerate source-backed station candidates; solve minimum integer storage modules; county multiple-choice selection,real_2025_C0_A_B,formal_real_planner_output,3cc3600fccd150479b7e50b3d402e20ec6f70bf26a4201440828d23ebcabfe55
QX-00005,35,A,infeasible,BDZ-00247:missing_three_scenarios,EVIDENCE_C,historical_2024_reference_static,263,128.361542,0,0,,,,,,,,0,infeasible_due_to_inherited_stock,[],county_baseline.csv+station_master.csv+transformer_master.csv+expansion_cost_library.csv+empirical_station_scenarios.csv.gz+model_contract.yaml,电网建模数据_Agent整合版_V1.2,enumerate source-backed station candidates; solve minimum integer storage modules; county multiple-choice selection,real_2025_C0_A_B,formal_real_planner_output,3cc3600fccd150479b7e50b3d402e20ec6f70bf26a4201440828d23ebcabfe55
QX-00005,35,B,infeasible,BDZ-00247:missing_three_scenarios,EVIDENCE_C,historical_2024_reference_static,263,128.361542,0,0,,,,,,,,0,infeasible_due_to_inherited_stock,[],county_baseline.csv+station_master.csv+transformer_master.csv+expansion_cost_library.csv+empirical_station_scenarios.csv.gz+model_contract.yaml,电网建模数据_Agent整合版_V1.2,enumerate source-backed station candidates; solve minimum integer storage modules; county multiple-choice selection,real_2025_C0_A_B,formal_real_planner_output,3cc3600fccd150479b7e50b3d402e20ec6f70bf26a4201440828d23ebcabfe55
QX-00005,35,C0,noncompliant,BDZ-00247:missing_three_scenarios;BDZ-00246:empirical_central:storage_power_insufficient_for_reverse_limit;BDZ-00255:empirical_central:storage_power_insufficient_for_reverse_limit;BDZ-00290:empirical_central:storage_power_insufficient_for_reverse_limit;BDZ-00314:empirical_central:storage_power_insufficient_for_reverse_limit,EVIDENCE_C,historical_2024_reference_static,263,128.361542,0,0,0,0,0,0,0,0,2.048900285,0,infeasible_due_to_inherited_stock,[],county_baseline.csv+station_master.csv+transformer_master.csv+expansion_cost_library.csv+empirical_station_scenarios.csv.gz+model_contract.yaml,电网建模数据_Agent整合版_V1.2,enumerate source-backed station candidates; solve minimum integer storage modules; county multiple-choice selection,real_2025_C0_A_B,formal_real_planner_output,3cc3600fccd150479b7e50b3d402e20ec6f70bf26a4201440828d23ebcabfe55
QX-00007,35,A,infeasible,BDZ-00271:missing_three_scenarios,EVIDENCE_C,historical_2024_reference_static,36,13.057754,0,0,,,,,,,,0,infeasible_due_to_inherited_stock,[],county_baseline.csv+station_master.csv+transformer_master.csv+expansion_cost_library.csv+empirical_station_scenarios.csv.gz+model_contract.yaml,电网建模数据_Agent整合版_V1.2,enumerate source-backed station candidates; solve minimum integer storage modules; county multiple-choice selection,real_2025_C0_A_B,formal_real_planner_output,3cc3600fccd150479b7e50b3d402e20ec6f70bf26a4201440828d23ebcabfe55
QX-00007,35,B,infeasible,BDZ-00271:missing_three_scenarios,EVIDENCE_C,historical_2024_reference_static,36,13.057754,0,0,,,,,,,,0,infeasible_due_to_inherited_stock,[],county_baseline.csv+station_master.csv+transformer_master.csv+expansion_cost_library.csv+empirical_station_scenarios.csv.gz+model_contract.yaml,电网建模数据_Agent整合版_V1.2,enumerate source-backed station candidates; solve minimum integer storage modules; county multiple-choice selection,real_2025_C0_A_B,formal_real_planner_output,3cc3600fccd150479b7e50b3d402e20ec6f70bf26a4201440828d23ebcabfe55
QX-00007,35,C0,noncompliant,BDZ-00271:missing_three_scenarios,EVIDENCE_C,historical_2024_reference_static,36,13.057754,0,0,0,0,0,0,0,0,2.756982556,0,infeasible_due_to_inherited_stock,[],county_baseline.csv+station_master.csv+transformer_master.csv+expansion_cost_library.csv+empirical_station_scenarios.csv.gz+model_contract.yaml,电网建模数据_Agent整合版_V1.2,enumerate source-backed station candidates; solve minimum integer storage modules; county multiple-choice selection,real_2025_C0_A_B,formal_real_planner_output,3cc3600fccd150479b7e50b3d402e20ec6f70bf26a4201440828d23ebcabfe55
QX-00008,35,A,infeasible,BDZ-00293:storage_required_but_no_available_connection_bay,EVIDENCE_C,historical_2024_reference_static,190.6,81.637692,0,0,,,,,,,,0,infeasible_due_to_inherited_stock,[],county_baseline.csv+station_master.csv+transformer_master.csv+expansion_cost_library.csv+empirical_station_scenarios.csv.gz+model_contract.yaml,电网建模数据_Agent整合版_V1.2,enumerate source-backed station candidates; solve minimum integer storage modules; county multiple-choice selection,real_2025_C0_A_B,formal_real_planner_output,3cc3600fccd150479b7e50b3d402e20ec6f70bf26a4201440828d23ebcabfe55
QX-00008,35,B,infeasible,BDZ-00293:storage_required_but_no_available_connection_bay,EVIDENCE_C,historical_2024_reference_static,190.6,81.637692,0,0,,,,,,,,0,infeasible_due_to_inherited_stock,[],county_baseline.csv+station_master.csv+transformer_master.csv+expansion_cost_library.csv+empirical_station_scenarios.csv.gz+model_contract.yaml,电网建模数据_Agent整合版_V1.2,enumerate source-backed station candidates; solve minimum integer storage modules; county multiple-choice selection,real_2025_C0_A_B,formal_real_planner_output,3cc3600fccd150479b7e50b3d402e20ec6f70bf26a4201440828d23ebcabfe55
QX-00008,35,C0,noncompliant,BDZ-00293:empirical_central:storage_power_insufficient_for_reverse_limit;BDZ-00301:empirical_central:storage_power_insufficient_for_reverse_limit;BDZ-00320:empirical_central:storage_power_insufficient_for_reverse_limit,EVIDENCE_C,historical_2024_reference_static,190.6,81.637692,0,0,0,0,0,0,0,0,2.334705886,0,infeasible_due_to_inherited_stock,[],county_baseline.csv+station_master.csv+transformer_master.csv+expansion_cost_library.csv+empirical_station_scenarios.csv.gz+model_contract.yaml,电网建模数据_Agent整合版_V1.2,enumerate source-backed station candidates; solve minimum integer storage modules; county multiple-choice selection,real_2025_C0_A_B,formal_real_planner_output,3cc3600fccd150479b7e50b3d402e20ec6f70bf26a4201440828d23ebcabfe55
QX-00009,35,A,feasible,feasible,EVIDENCE_C,historical_2024_reference_static,270.3,91.511376,0,4,84.1854,88.2854,108.7986,10.23291828,14.64371904,23.82849933,2.95373113,0,infeasible_due_to_inherited_stock,[],county_baseline.csv+station_master.csv+transformer_master.csv+expansion_cost_library.csv+empirical_station_scenarios.csv.gz+model_contract.yaml,电网建模数据_Agent整合版_V1.2,enumerate source-backed station candidates; solve minimum integer storage modules; county multiple-choice selection,real_2025_C0_A_B,formal_real_planner_output,3cc3600fccd150479b7e50b3d402e20ec6f70bf26a4201440828d23ebcabfe55
QX-00009,35,B,feasible,feasible,EVIDENCE_C,historical_2024_reference_static,270.3,91.511376,0,4,84.1854,88.2854,108.7986,10.23291828,14.64371904,23.82849933,2.95373113,0,infeasible_due_to_inherited_stock,[],county_baseline.csv+station_master.csv+transformer_master.csv+expansion_cost_library.csv+empirical_station_scenarios.csv.gz+model_contract.yaml,电网建模数据_Agent整合版_V1.2,enumerate source-backed station candidates; solve minimum integer storage modules; county multiple-choice selection,real_2025_C0_A_B,formal_real_planner_output,3cc3600fccd150479b7e50b3d402e20ec6f70bf26a4201440828d23ebcabfe55
QX-00009,35,C0,noncompliant,BDZ-00303:empirical_central:storage_power_insufficient_for_reverse_limit,EVIDENCE_C,historical_2024_reference_static,270.3,91.511376,0,0,0,0,0,0,0,0,2.95373113,0,infeasible_due_to_inherited_stock,[],county_baseline.csv+station_master.csv+transformer_master.csv+expansion_cost_library.csv+empirical_station_scenarios.csv.gz+model_contract.yaml,电网建模数据_Agent整合版_V1.2,enumerate source-backed station candidates; solve minimum integer storage modules; county multiple-choice selection,real_2025_C0_A_B,formal_real_planner_output,3cc3600fccd150479b7e50b3d402e20ec6f70bf26a4201440828d23ebcabfe55
QX-00010,35,A,feasible,feasible,EVIDENCE_C,historical_2024_reference_static,224,83.628967,0,719,15132.32565,15146.1654,19556.54835,1839.367061,2512.26353,4283.172755,2.678497751,0,infeasible_due_to_inherited_stock,[],county_baseline.csv+station_master.csv+transformer_master.csv+expansion_cost_library.csv+empirical_station_scenarios.csv.gz+model_contract.yaml,电网建模数据_Agent整合版_V1.2,enumerate source-backed station candidates; solve minimum integer storage modules; county multiple-choice selection,real_2025_C0_A_B,formal_real_planner_output,3cc3600fccd150479b7e50b3d402e20ec6f70bf26a4201440828d23ebcabfe55
QX-00010,35,B,feasible,feasible,EVIDENCE_C,historical_2024_reference_static,224,83.628967,0,719,15132.32565,15146.1654,19556.54835,1839.367061,2512.26353,4283.172755,2.678497751,0,infeasible_due_to_inherited_stock,[],county_baseline.csv+station_master.csv+transformer_master.csv+expansion_cost_library.csv+empirical_station_scenarios.csv.gz+model_contract.yaml,电网建模数据_Agent整合版_V1.2,enumerate source-backed station candidates; solve minimum integer storage modules; county multiple-choice selection,real_2025_C0_A_B,formal_real_planner_output,3cc3600fccd150479b7e50b3d402e20ec6f70bf26a4201440828d23ebcabfe55
QX-00010,35,C0,noncompliant,BDZ-00245:empirical_central:storage_power_insufficient_for_reverse_limit;BDZ-00260:empirical_central:storage_power_insufficient_for_reverse_limit;BDZ-00295:empirical_central:storage_power_insufficient_for_reverse_limit;BDZ-00306:empirical_central:storage_power_insufficient_for_reverse_limit,EVIDENCE_C,historical_2024_reference_static,224,83.628967,0,0,0,0,0,0,0,0,2.678497751,0,infeasible_due_to_inherited_stock,[],county_baseline.csv+station_master.csv+transformer_master.csv+expansion_cost_library.csv+empirical_station_scenarios.csv.gz+model_contract.yaml,电网建模数据_Agent整合版_V1.2,enumerate source-backed station candidates; solve minimum integer storage modules; county multiple-choice selection,real_2025_C0_A_B,formal_real_planner_output,3cc3600fccd150479b7e50b3d402e20ec6f70bf26a4201440828d23ebcabfe55
QX-00001,110,A,feasible,feasible,EVIDENCE_C,historical_2024_reference_static,1365,517.378225,0,92,1936.2642,1941.668158,2502.3678,235.3571204,322.0605329,548.0554846,2.638301989,0,infeasible_due_to_inherited_stock,[],county_baseline.csv+station_master.csv+transformer_master.csv+expansion_cost_library.csv+empirical_station_scenarios.csv.gz+model_contract.yaml,电网建模数据_Agent整合版_V1.2,enumerate source-backed station candidates; solve minimum integer storage modules; county multiple-choice selection,real_2025_C0_A_B,formal_real_planner_output,3cc3600fccd150479b7e50b3d402e20ec6f70bf26a4201440828d23ebcabfe55
QX-00001,110,B,feasible,feasible,EVIDENCE_C,historical_2024_reference_static,1365,517.378225,50,0,1170,1343,1516,74.38546717,121.7414881,179.917029,2.734943087,0,infeasible_due_to_inherited_stock,"[""EXP-QX-00001-BDZ-00058-01""]",county_baseline.csv+station_master.csv+transformer_master.csv+expansion_cost_library.csv+empirical_station_scenarios.csv.gz+model_contract.yaml,电网建模数据_Agent整合版_V1.2,enumerate source-backed station candidates; solve minimum integer storage modules; county multiple-choice selection,real_2025_C0_A_B,formal_real_planner_output,3cc3600fccd150479b7e50b3d402e20ec6f70bf26a4201440828d23ebcabfe55
QX-00001,110,C0,noncompliant,BDZ-00058:empirical_central:storage_power_insufficient_for_reverse_limit,EVIDENCE_C,historical_2024_reference_static,1365,517.378225,0,0,0,0,0,0,0,0,2.638301989,0,infeasible_due_to_inherited_stock,[],county_baseline.csv+station_master.csv+transformer_master.csv+expansion_cost_library.csv+empirical_station_scenarios.csv.gz+model_contract.yaml,电网建模数据_Agent整合版_V1.2,enumerate source-backed station candidates; solve minimum integer storage modules; county multiple-choice selection,real_2025_C0_A_B,formal_real_planner_output,3cc3600fccd150479b7e50b3d402e20ec6f70bf26a4201440828d23ebcabfe55
QX-00003,110,A,feasible,feasible,EVIDENCE_C,historical_2024_reference_static,966.5,291.210068,0,108,2273.0058,2274.29522,2937.5622,276.2887935,377.2327045,643.369482,3.318909977,0,infeasible_due_to_inherited_stock,[],county_baseline.csv+station_master.csv+transformer_master.csv+expansion_cost_library.csv+empirical_station_scenarios.csv.gz+model_contract.yaml,电网建模数据_Agent整合版_V1.2,enumerate source-backed station candidates; solve minimum integer storage modules; county multiple-choice selection,real_2025_C0_A_B,formal_real_planner_output,3cc3600fccd150479b7e50b3d402e20ec6f70bf26a4201440828d23ebcabfe55
QX-00003,110,B,feasible,feasible,EVIDENCE_C,historical_2024_reference_static,966.5,291.210068,0,108,2273.0058,2274.29522,2937.5622,276.2887935,377.2327045,643.369482,3.318909977,0,infeasible_due_to_inherited_stock,[],county_baseline.csv+station_master.csv+transformer_master.csv+expansion_cost_library.csv+empirical_station_scenarios.csv.gz+model_contract.yaml,电网建模数据_Agent整合版_V1.2,enumerate source-backed station candidates; solve minimum integer storage modules; county multiple-choice selection,real_2025_C0_A_B,formal_real_planner_output,3cc3600fccd150479b7e50b3d402e20ec6f70bf26a4201440828d23ebcabfe55
QX-00003,110,C0,noncompliant,BDZ-00007:empirical_central:storage_power_insufficient_for_reverse_limit,EVIDENCE_C,historical_2024_reference_static,966.5,291.210068,0,0,0,0,0,0,0,0,3.318909977,0,infeasible_due_to_inherited_stock,[],county_baseline.csv+station_master.csv+transformer_master.csv+expansion_cost_library.csv+empirical_station_scenarios.csv.gz+model_contract.yaml,电网建模数据_Agent整合版_V1.2,enumerate source-backed station candidates; solve minimum integer storage modules; county multiple-choice selection,real_2025_C0_A_B,formal_real_planner_output,3cc3600fccd150479b7e50b3d402e20ec6f70bf26a4201440828d23ebcabfe55
QX-00004,110,A,feasible,feasible,EVIDENCE_C,historical_2024_reference_static,1994,633.321947,0,121,2546.60835,2552.675082,3291.15765,309.5457779,423.4070039,720.8121048,3.148477657,0,infeasible_due_to_inherited_stock,[],county_baseline.csv+station_master.csv+transformer_master.csv+expansion_cost_library.csv+empirical_station_scenarios.csv.gz+model_contract.yaml,电网建模数据_Agent整合版_V1.2,enumerate source-backed station candidates; solve minimum integer storage modules; county multiple-choice selection,real_2025_C0_A_B,formal_real_planner_output,3cc3600fccd150479b7e50b3d402e20ec6f70bf26a4201440828d23ebcabfe55
QX-00004,110,B,feasible,feasible,EVIDENCE_C,historical_2024_reference_static,1994,633.321947,0,121,2546.60835,2552.675082,3291.15765,309.5457779,423.4070039,720.8121048,3.148477657,0,infeasible_due_to_inherited_stock,[],county_baseline.csv+station_master.csv+transformer_master.csv+expansion_cost_library.csv+empirical_station_scenarios.csv.gz+model_contract.yaml,电网建模数据_Agent整合版_V1.2,enumerate source-backed station candidates; solve minimum integer storage modules; county multiple-choice selection,real_2025_C0_A_B,formal_real_planner_output,3cc3600fccd150479b7e50b3d402e20ec6f70bf26a4201440828d23ebcabfe55
QX-00004,110,C0,noncompliant,BDZ-00098:empirical_central:storage_power_insufficient_for_reverse_limit;BDZ-00149:empirical_central:storage_power_insufficient_for_reverse_limit,EVIDENCE_C,historical_2024_reference_static,1994,633.321947,0,0,0,0,0,0,0,0,3.148477657,0,infeasible_due_to_inherited_stock,[],county_baseline.csv+station_master.csv+transformer_master.csv+expansion_cost_library.csv+empirical_station_scenarios.csv.gz+model_contract.yaml,电网建模数据_Agent整合版_V1.2,enumerate source-backed station candidates; solve minimum integer storage modules; county multiple-choice selection,real_2025_C0_A_B,formal_real_planner_output,3cc3600fccd150479b7e50b3d402e20ec6f70bf26a4201440828d23ebcabfe55
QX-00005,110,A,feasible,feasible,EVIDENCE_C,historical_2024_reference_static,2169.5,862.661537,0,855,17994.62925,18004.26761,23255.70075,2187.286282,2986.331107,5093.341732,2.514891307,0,infeasible_due_to_inherited_stock,[],county_baseline.csv+station_master.csv+transformer_master.csv+expansion_cost_library.csv+empirical_station_scenarios.csv.gz+model_contract.yaml,电网建模数据_Agent整合版_V1.2,enumerate source-backed station candidates; solve minimum integer storage modules; county multiple-choice selection,real_2025_C0_A_B,formal_real_planner_output,3cc3600fccd150479b7e50b3d402e20ec6f70bf26a4201440828d23ebcabfe55
QX-00005,110,B,feasible,feasible,EVIDENCE_C,historical_2024_reference_static,2169.5,862.661537,50,404,9672.7254,9849.535818,12504.6586,1107.910213,1532.703216,2586.595462,2.572851466,0,infeasible_due_to_inherited_stock,"[""EXP-QX-00005-BDZ-00162-01""]",county_baseline.csv+station_master.csv+transformer_master.csv+expansion_cost_library.csv+empirical_station_scenarios.csv.gz+model_contract.yaml,电网建模数据_Agent整合版_V1.2,enumerate source-backed station candidates; solve minimum integer storage modules; county multiple-choice selection,real_2025_C0_A_B,formal_real_planner_output,3cc3600fccd150479b7e50b3d402e20ec6f70bf26a4201440828d23ebcabfe55
QX-00005,110,C0,noncompliant,BDZ-00022:empirical_central:storage_power_insufficient_for_reverse_limit;BDZ-00135:empirical_central:storage_power_insufficient_for_reverse_limit;BDZ-00162:empirical_central:storage_power_insufficient_for_reverse_limit,EVIDENCE_C,historical_2024_reference_static,2169.5,862.661537,0,0,0,0,0,0,0,0,2.514891307,0,infeasible_due_to_inherited_stock,[],county_baseline.csv+station_master.csv+transformer_master.csv+expansion_cost_library.csv+empirical_station_scenarios.csv.gz+model_contract.yaml,电网建模数据_Agent整合版_V1.2,enumerate source-backed station candidates; solve minimum integer storage modules; county multiple-choice selection,real_2025_C0_A_B,formal_real_planner_output,3cc3600fccd150479b7e50b3d402e20ec6f70bf26a4201440828d23ebcabfe55
QX-00007,110,A,feasible,feasible,EVIDENCE_C,historical_2024_reference_static,3675,1449.401567,0,0,0,0,0,0,0,0,2.535529203,0,infeasible_due_to_inherited_stock,[],county_baseline.csv+station_master.csv+transformer_master.csv+expansion_cost_library.csv+empirical_station_scenarios.csv.gz+model_contract.yaml,电网建模数据_Agent整合版_V1.2,enumerate source-backed station candidates; solve minimum integer storage modules; county multiple-choice selection,real_2025_C0_A_B,formal_real_planner_output,3cc3600fccd150479b7e50b3d402e20ec6f70bf26a4201440828d23ebcabfe55
QX-00007,110,B,feasible,feasible,EVIDENCE_C,historical_2024_reference_static,3675,1449.401567,0,0,0,0,0,0,0,0,2.535529203,0,infeasible_due_to_inherited_stock,[],county_baseline.csv+station_master.csv+transformer_master.csv+expansion_cost_library.csv+empirical_station_scenarios.csv.gz+model_contract.yaml,电网建模数据_Agent整合版_V1.2,enumerate source-backed station candidates; solve minimum integer storage modules; county multiple-choice selection,real_2025_C0_A_B,formal_real_planner_output,3cc3600fccd150479b7e50b3d402e20ec6f70bf26a4201440828d23ebcabfe55
QX-00007,110,C0,compliant,physical_constraints_satisfied,EVIDENCE_C,historical_2024_reference_static,3675,1449.401567,0,0,0,0,0,0,0,0,2.535529203,0,infeasible_due_to_inherited_stock,[],county_baseline.csv+station_master.csv+transformer_master.csv+expansion_cost_library.csv+empirical_station_scenarios.csv.gz+model_contract.yaml,电网建模数据_Agent整合版_V1.2,enumerate source-backed station candidates; solve minimum integer storage modules; county multiple-choice selection,real_2025_C0_A_B,formal_real_planner_output,3cc3600fccd150479b7e50b3d402e20ec6f70bf26a4201440828d23ebcabfe55
QX-00008,110,A,infeasible,BDZ-00043:storage_required_but_no_available_connection_bay,EVIDENCE_C,historical_2024_reference_static,1709,689.65649,0,0,,,,,,,,0,infeasible_due_to_inherited_stock,[],county_baseline.csv+station_master.csv+transformer_master.csv+expansion_cost_library.csv+empirical_station_scenarios.csv.gz+model_contract.yaml,电网建模数据_Agent整合版_V1.2,enumerate source-backed station candidates; solve minimum integer storage modules; county multiple-choice selection,real_2025_C0_A_B,formal_real_planner_output,3cc3600fccd150479b7e50b3d402e20ec6f70bf26a4201440828d23ebcabfe55
QX-00008,110,B,infeasible,BDZ-00043:storage_required_but_no_available_connection_bay,EVIDENCE_C,historical_2024_reference_static,1709,689.65649,0,0,,,,,,,,0,infeasible_due_to_inherited_stock,[],county_baseline.csv+station_master.csv+transformer_master.csv+expansion_cost_library.csv+empirical_station_scenarios.csv.gz+model_contract.yaml,电网建模数据_Agent整合版_V1.2,enumerate source-backed station candidates; solve minimum integer storage modules; county multiple-choice selection,real_2025_C0_A_B,formal_real_planner_output,3cc3600fccd150479b7e50b3d402e20ec6f70bf26a4201440828d23ebcabfe55
QX-00008,110,C0,noncompliant,BDZ-00043:empirical_central:storage_power_insufficient_for_reverse_limit;BDZ-00081:empirical_central:storage_power_insufficient_for_reverse_limit,EVIDENCE_C,historical_2024_reference_static,1709,689.65649,0,0,0,0,0,0,0,0,2.478045266,0,infeasible_due_to_inherited_stock,[],county_baseline.csv+station_master.csv+transformer_master.csv+expansion_cost_library.csv+empirical_station_scenarios.csv.gz+model_contract.yaml,电网建模数据_Agent整合版_V1.2,enumerate source-backed station candidates; solve minimum integer storage modules; county multiple-choice selection,real_2025_C0_A_B,formal_real_planner_output,3cc3600fccd150479b7e50b3d402e20ec6f70bf26a4201440828d23ebcabfe55
QX-00009,110,A,infeasible,BDZ-00014:missing_three_scenarios,EVIDENCE_C,historical_2024_reference_static,1907,738.347529,0,0,,,,,,,,0,infeasible_due_to_inherited_stock,[],county_baseline.csv+station_master.csv+transformer_master.csv+expansion_cost_library.csv+empirical_station_scenarios.csv.gz+model_contract.yaml,电网建模数据_Agent整合版_V1.2,enumerate source-backed station candidates; solve minimum integer storage modules; county multiple-choice selection,real_2025_C0_A_B,formal_real_planner_output,3cc3600fccd150479b7e50b3d402e20ec6f70bf26a4201440828d23ebcabfe55
QX-00009,110,B,infeasible,BDZ-00014:missing_three_scenarios,EVIDENCE_C,historical_2024_reference_static,1907,738.347529,0,0,,,,,,,,0,infeasible_due_to_inherited_stock,[],county_baseline.csv+station_master.csv+transformer_master.csv+expansion_cost_library.csv+empirical_station_scenarios.csv.gz+model_contract.yaml,电网建模数据_Agent整合版_V1.2,enumerate source-backed station candidates; solve minimum integer storage modules; county multiple-choice selection,real_2025_C0_A_B,formal_real_planner_output,3cc3600fccd150479b7e50b3d402e20ec6f70bf26a4201440828d23ebcabfe55
QX-00009,110,C0,noncompliant,BDZ-00014:missing_three_scenarios;BDZ-00055:empirical_central:storage_power_insufficient_for_reverse_limit;BDZ-00159:empirical_central:storage_power_insufficient_for_reverse_limit;BDZ-00180:empirical_central:storage_power_insufficient_for_reverse_limit,EVIDENCE_C,historical_2024_reference_static,1907,738.347529,0,0,0,0,0,0,0,0,2.582794585,0,infeasible_due_to_inherited_stock,[],county_baseline.csv+station_master.csv+transformer_master.csv+expansion_cost_library.csv+empirical_station_scenarios.csv.gz+model_contract.yaml,电网建模数据_Agent整合版_V1.2,enumerate source-backed station candidates; solve minimum integer storage modules; county multiple-choice selection,real_2025_C0_A_B,formal_real_planner_output,3cc3600fccd150479b7e50b3d402e20ec6f70bf26a4201440828d23ebcabfe55
QX-00010,110,A,infeasible,BDZ-00145:missing_three_scenarios,EVIDENCE_C,historical_2024_reference_static,2063.5,677.526871,0,0,,,,,,,,0,infeasible_due_to_inherited_stock,[],county_baseline.csv+station_master.csv+transformer_master.csv+expansion_cost_library.csv+empirical_station_scenarios.csv.gz+model_contract.yaml,电网建模数据_Agent整合版_V1.2,enumerate source-backed station candidates; solve minimum integer storage modules; county multiple-choice selection,real_2025_C0_A_B,formal_real_planner_output,3cc3600fccd150479b7e50b3d402e20ec6f70bf26a4201440828d23ebcabfe55
QX-00010,110,B,infeasible,BDZ-00145:missing_three_scenarios,EVIDENCE_C,historical_2024_reference_static,2063.5,677.526871,0,0,,,,,,,,0,infeasible_due_to_inherited_stock,[],county_baseline.csv+station_master.csv+transformer_master.csv+expansion_cost_library.csv+empirical_station_scenarios.csv.gz+model_contract.yaml,电网建模数据_Agent整合版_V1.2,enumerate source-backed station candidates; solve minimum integer storage modules; county multiple-choice selection,real_2025_C0_A_B,formal_real_planner_output,3cc3600fccd150479b7e50b3d402e20ec6f70bf26a4201440828d23ebcabfe55
QX-00010,110,C0,noncompliant,BDZ-00145:missing_three_scenarios;BDZ-00009:empirical_central:storage_power_insufficient_for_reverse_limit;BDZ-00035:empirical_central:storage_power_insufficient_for_reverse_limit;BDZ-00054:empirical_central:storage_power_insufficient_for_reverse_limit;BDZ-00108:empirical_central:storage_power_insufficient_for_reverse_limit;BDZ-00120:empirical_central:storage_power_insufficient_for_reverse_limit,EVIDENCE_C,historical_2024_reference_static,2063.5,677.526871,0,0,0,0,0,0,0,0,3.045635662,0,infeasible_due_to_inherited_stock,[],county_baseline.csv+station_master.csv+transformer_master.csv+expansion_cost_library.csv+empirical_station_scenarios.csv.gz+model_contract.yaml,电网建模数据_Agent整合版_V1.2,enumerate source-backed station candidates; solve minimum integer storage modules; county multiple-choice selection,real_2025_C0_A_B,formal_real_planner_output,3cc3600fccd150479b7e50b3d402e20ec6f70bf26a4201440828d23ebcabfe55
