# 合成数据,收资后替换
分区/县,C_A(万元/年),C_B(万元/年),ΔC(万元/年),R_A,R_B,A被红线逼出的措施构成
Z1,"—(全网口径,见全网合计行)","—(全网口径,见全网合计行)","—(全网口径,见全网合计行)",1.31,1.31,"无(A=B同解,红线未在此分区绑定)"
Z2,"—(全网口径,见全网合计行)","—(全网口径,见全网合计行)","—(全网口径,见全网合计行)",2.00,2.07,储能+5.02MW@S06; 切分Δα+0.16@T07(spring)
Z3,"—(全网口径,见全网合计行)","—(全网口径,见全网合计行)","—(全网口径,见全网合计行)",1.78,1.78,切分Δα+0.16@T07(spring)
Z4,"—(全网口径,见全网合计行)","—(全网口径,见全网合计行)","—(全网口径,见全网合计行)",1.69,1.69,"无(A=B同解,红线未在此分区绑定)"
Z5,"—(全网口径,见全网合计行)","—(全网口径,见全网合计行)","—(全网口径,见全网合计行)",1.71,1.71,"无(A=B同解,红线未在此分区绑定)"
PZ(县合计),"—(全网口径,见全网合计行)","—(全网口径,见全网合计行)","—(全网口径,见全网合计行)",1.70(近似),1.70(近似),—(县级不逐措施拆分)
XY(县合计),"—(全网口径,见全网合计行)","—(全网口径,见全网合计行)","—(全网口径,见全网合计行)",1.72(近似),1.72(近似),—(县级不逐措施拆分)
全网合计,243.27,87.48,155.80,—,—,红线仅在 Z2 绑定(该区 r_after_A=2.00 达上限)
