year,region_id,voltage_kv,capacity_base_mva,capacity_mva,positive_peak_base_mw,positive_peak_static_upper_bound_mw,reverse_peak_base_mw,reverse_peak_static_lower_bound_mw,reverse_peak_static_upper_bound_mw,clr_model_base,clr_official_reference,pv_capacity_snapshot_mw,pv_pipeline_mw,pv_capacity_snapshot_year,evidence_grade,asset_scope_id,quality_notes,source_ref,source_version,transformation,scenario_id,quality_flag,source_sha256
2022,QX-00001,35,250.5,250.5,115.174619,115.174619,,24.46,94.63,2.174958356059333,2.17,,,,EVIDENCE_C,historical_2022_reference_static,"diagnostic replay: 8760 sample/mapping exists but same-year asset scope, PV and candidate cost closure is unresolved",近5年容载比.xlsx + county_clr_reference.csv+station_static_load.csv+transformer_master.csv+station_pv_snapshot.csv,电网建模数据_Agent整合版_V1.2,annual official capacity/peak anchor; no static extrema sum used as synchronous peak,annual_2022_reference_baseline,historical_diagnostic_replay,3043c8dff228567b8ce98165b6e9da74834f6c7dc867be1ea7b79d2c55bfe510
2022,QX-00003,35,292.0,292.0,120.132439,120.132439,,17.4,69.74,2.4306507254048175,2.43,,,,EVIDENCE_C,historical_2022_reference_static,"diagnostic replay: 8760 sample/mapping exists but same-year asset scope, PV and candidate cost closure is unresolved",近5年容载比.xlsx + county_clr_reference.csv+station_static_load.csv+transformer_master.csv+station_pv_snapshot.csv,电网建模数据_Agent整合版_V1.2,annual official capacity/peak anchor; no static extrema sum used as synchronous peak,annual_2022_reference_baseline,historical_diagnostic_replay,3043c8dff228567b8ce98165b6e9da74834f6c7dc867be1ea7b79d2c55bfe510
2022,QX-00004,35,240.0,240.0,103.91286,103.91286,,27.57,100.83,2.3096275090494096,2.31,,,,EVIDENCE_C,historical_2022_reference_static,"diagnostic replay: 8760 sample/mapping exists but same-year asset scope, PV and candidate cost closure is unresolved",近5年容载比.xlsx + county_clr_reference.csv+station_static_load.csv+transformer_master.csv+station_pv_snapshot.csv,电网建模数据_Agent整合版_V1.2,annual official capacity/peak anchor; no static extrema sum used as synchronous peak,annual_2022_reference_baseline,historical_diagnostic_replay,3043c8dff228567b8ce98165b6e9da74834f6c7dc867be1ea7b79d2c55bfe510
2022,QX-00005,35,263.0,263.0,124.717665,124.717665,,27.2,106.59,2.108763020859956,2.11,,,,EVIDENCE_C,historical_2022_reference_static,"diagnostic replay: 8760 sample/mapping exists but same-year asset scope, PV and candidate cost closure is unresolved",近5年容载比.xlsx + county_clr_reference.csv+station_static_load.csv+transformer_master.csv+station_pv_snapshot.csv,电网建模数据_Agent整合版_V1.2,annual official capacity/peak anchor; no static extrema sum used as synchronous peak,annual_2022_reference_baseline,historical_diagnostic_replay,3043c8dff228567b8ce98165b6e9da74834f6c7dc867be1ea7b79d2c55bfe510
2022,QX-00007,35,56.0,56.0,11.017072,11.017072,,,0.0,5.083020243491192,5.08,,,,EVIDENCE_C,historical_2022_reference_static,"diagnostic replay: 8760 sample/mapping exists but same-year asset scope, PV and candidate cost closure is unresolved",近5年容载比.xlsx + county_clr_reference.csv+station_static_load.csv+transformer_master.csv+station_pv_snapshot.csv,电网建模数据_Agent整合版_V1.2,annual official capacity/peak anchor; no static extrema sum used as synchronous peak,annual_2022_reference_baseline,historical_diagnostic_replay,3043c8dff228567b8ce98165b6e9da74834f6c7dc867be1ea7b79d2c55bfe510
2022,QX-00008,35,185.6,185.6,107.396041,107.396041,,19.84,55.4,1.7281828852517944,1.73,,,,EVIDENCE_C,historical_2022_reference_static,"diagnostic replay: 8760 sample/mapping exists but same-year asset scope, PV and candidate cost closure is unresolved",近5年容载比.xlsx + county_clr_reference.csv+station_static_load.csv+transformer_master.csv+station_pv_snapshot.csv,电网建模数据_Agent整合版_V1.2,annual official capacity/peak anchor; no static extrema sum used as synchronous peak,annual_2022_reference_baseline,historical_diagnostic_replay,3043c8dff228567b8ce98165b6e9da74834f6c7dc867be1ea7b79d2c55bfe510
2022,QX-00009,35,258.29999999999995,258.29999999999995,87.76969899999999,87.76969899999999,,18.82,58.72,2.942929085355528,2.94,,,,EVIDENCE_C,historical_2022_reference_static,"diagnostic replay: 8760 sample/mapping exists but same-year asset scope, PV and candidate cost closure is unresolved",近5年容载比.xlsx + county_clr_reference.csv+station_static_load.csv+transformer_master.csv+station_pv_snapshot.csv,电网建模数据_Agent整合版_V1.2,annual official capacity/peak anchor; no static extrema sum used as synchronous peak,annual_2022_reference_baseline,historical_diagnostic_replay,3043c8dff228567b8ce98165b6e9da74834f6c7dc867be1ea7b79d2c55bfe510
2022,QX-00010,35,234.5,234.5,117.616729,117.616729,,29.5,104.87,1.993763999337203,1.99,,,,EVIDENCE_C,historical_2022_reference_static,"diagnostic replay: 8760 sample/mapping exists but same-year asset scope, PV and candidate cost closure is unresolved",近5年容载比.xlsx + county_clr_reference.csv+station_static_load.csv+transformer_master.csv+station_pv_snapshot.csv,电网建模数据_Agent整合版_V1.2,annual official capacity/peak anchor; no static extrema sum used as synchronous peak,annual_2022_reference_baseline,historical_diagnostic_replay,3043c8dff228567b8ce98165b6e9da74834f6c7dc867be1ea7b79d2c55bfe510
2022,QX-00001,110,1235.0,1235.0,481.40204500000004,481.40204500000004,,48.09,271.95,2.5654232524084932,2.57,,,,EVIDENCE_C,historical_2022_reference_static,"diagnostic replay: 8760 sample/mapping exists but same-year asset scope, PV and candidate cost closure is unresolved",近5年容载比.xlsx + county_clr_reference.csv+station_static_load.csv+transformer_master.csv+station_pv_snapshot.csv,电网建模数据_Agent整合版_V1.2,annual official capacity/peak anchor; no static extrema sum used as synchronous peak,annual_2022_reference_baseline,historical_diagnostic_replay,3043c8dff228567b8ce98165b6e9da74834f6c7dc867be1ea7b79d2c55bfe510
2022,QX-00003,110,829.5,829.5,285.689106,285.689106,,39.38,155.93,2.903505883069969,2.9,,,,EVIDENCE_C,historical_2022_reference_static,"diagnostic replay: 8760 sample/mapping exists but same-year asset scope, PV and candidate cost closure is unresolved",近5年容载比.xlsx + county_clr_reference.csv+station_static_load.csv+transformer_master.csv+station_pv_snapshot.csv,电网建模数据_Agent整合版_V1.2,annual official capacity/peak anchor; no static extrema sum used as synchronous peak,annual_2022_reference_baseline,historical_diagnostic_replay,3043c8dff228567b8ce98165b6e9da74834f6c7dc867be1ea7b79d2c55bfe510
2022,QX-00004,110,1955.5,1955.5,627.197268,627.197268,,49.91,319.9,3.1178388359944194,3.12,,,,EVIDENCE_C,historical_2022_reference_static,"diagnostic replay: 8760 sample/mapping exists but same-year asset scope, PV and candidate cost closure is unresolved",近5年容载比.xlsx + county_clr_reference.csv+station_static_load.csv+transformer_master.csv+station_pv_snapshot.csv,电网建模数据_Agent整合版_V1.2,annual official capacity/peak anchor; no static extrema sum used as synchronous peak,annual_2022_reference_baseline,historical_diagnostic_replay,3043c8dff228567b8ce98165b6e9da74834f6c7dc867be1ea7b79d2c55bfe510
2022,QX-00005,110,2045.5,2045.5,825.004193,825.004193,,59.9,529.83,2.4793813381261205,2.48,,,,EVIDENCE_C,historical_2022_reference_static,"diagnostic replay: 8760 sample/mapping exists but same-year asset scope, PV and candidate cost closure is unresolved",近5年容载比.xlsx + county_clr_reference.csv+station_static_load.csv+transformer_master.csv+station_pv_snapshot.csv,电网建模数据_Agent整合版_V1.2,annual official capacity/peak anchor; no static extrema sum used as synchronous peak,annual_2022_reference_baseline,historical_diagnostic_replay,3043c8dff228567b8ce98165b6e9da74834f6c7dc867be1ea7b79d2c55bfe510
2022,QX-00007,110,3345.0,3345.0,1432.3699769999998,1432.3699769999998,,32.21,82.41,2.3352905001582567,2.34,,,,EVIDENCE_C,historical_2022_reference_static,"diagnostic replay: 8760 sample/mapping exists but same-year asset scope, PV and candidate cost closure is unresolved",近5年容载比.xlsx + county_clr_reference.csv+station_static_load.csv+transformer_master.csv+station_pv_snapshot.csv,电网建模数据_Agent整合版_V1.2,annual official capacity/peak anchor; no static extrema sum used as synchronous peak,annual_2022_reference_baseline,historical_diagnostic_replay,3043c8dff228567b8ce98165b6e9da74834f6c7dc867be1ea7b79d2c55bfe510
2022,QX-00008,110,1430.5,1430.5,628.477601,628.477601,,51.05,242.22,2.2761352158356396,2.28,,,,EVIDENCE_C,historical_2022_reference_static,"diagnostic replay: 8760 sample/mapping exists but same-year asset scope, PV and candidate cost closure is unresolved",近5年容载比.xlsx + county_clr_reference.csv+station_static_load.csv+transformer_master.csv+station_pv_snapshot.csv,电网建模数据_Agent整合版_V1.2,annual official capacity/peak anchor; no static extrema sum used as synchronous peak,annual_2022_reference_baseline,historical_diagnostic_replay,3043c8dff228567b8ce98165b6e9da74834f6c7dc867be1ea7b79d2c55bfe510
2022,QX-00009,110,1807.0,1807.0,724.903487,724.903487,,57.93,299.14,2.4927456308400955,2.49,,,,EVIDENCE_C,historical_2022_reference_static,"diagnostic replay: 8760 sample/mapping exists but same-year asset scope, PV and candidate cost closure is unresolved",近5年容载比.xlsx + county_clr_reference.csv+station_static_load.csv+transformer_master.csv+station_pv_snapshot.csv,电网建模数据_Agent整合版_V1.2,annual official capacity/peak anchor; no static extrema sum used as synchronous peak,annual_2022_reference_baseline,historical_diagnostic_replay,3043c8dff228567b8ce98165b6e9da74834f6c7dc867be1ea7b79d2c55bfe510
2022,QX-00010,110,1885.0,1885.0,623.697781,623.697781,,80.16,499.18,3.0222971083490195,3.02,,,,EVIDENCE_C,historical_2022_reference_static,"diagnostic replay: 8760 sample/mapping exists but same-year asset scope, PV and candidate cost closure is unresolved",近5年容载比.xlsx + county_clr_reference.csv+station_static_load.csv+transformer_master.csv+station_pv_snapshot.csv,电网建模数据_Agent整合版_V1.2,annual official capacity/peak anchor; no static extrema sum used as synchronous peak,annual_2022_reference_baseline,historical_diagnostic_replay,3043c8dff228567b8ce98165b6e9da74834f6c7dc867be1ea7b79d2c55bfe510
